2535301200456458802993406410752
178263365657094759585473888256
5261245166962866168321277952
158456325028528675187087900672
5270916573519783201718927360
2540252960613600324093002907648
4951760157141521099596496896
2555108241085024887391792398336
2535380989560553368518937018368
79789104094565525530607616
158533696280984011454269095936
77371252455336267181195264
158765810038350020255812681728
2535301200461088538629091885056
4629735635685474304
178263365661724495221142585344
158456325033158410822756597760
4629735635668697088
4899916532085161984
158533696285667755066734411776
65552
2535301200456458802993406476304
178263365657094759585473953808
158456325028528675187087966224
5270916573519783201718992912
4629735601309024272
2535301200461088538594715435024
604481428749719823253520
604481429312669776674832
2555108845566453637111615651856
4952364638570130081931395088
178263365657117312802342567936
24758800785707605497982484480
3022388624806193880104960
2535304222845083046237333094400
4512404310327296
2535301200456463315397716738048
562949953421312
2555108241085024889590815653888
2555108241085313117767944110080
22553182508941312
74075769620943339520
77371331142791906551922688
77371331142228956598501376
604555432321009240244224
604555431758059286822912
2535301805011602330676541521920
604555143527683135111168
604555143668558129528832
2535301805011602471551468830720
74075769620943405072
23130628561169285120
23130628561102176256
2535301200479589431417069633536
23130628423663222784
178263365680225247271648755712
77371257427873205751644160
77371257427310255798222848
77371257139079879646511104
2535301200461088538629142216704
5261245171592601769630236672
4951760161771256700905455616
2540252960618230059694311866368
4629735601308958720
2555108241089636573410219786240
4629735601376067584
537133120
2535301200456458802993943543872
178263365657094759586011021376
158456325028528675187625033792
5270916573519783202256060480
5261245166962866168858411072
4952364638498074686916919360
24759405267064159085302906944
2540253565094956877680323330112
604481356553587320422464
2555108845566381440979112820800
23130489885198385216
2535301200479589292878604795968
23418720261350096960
65616
2535301200456458802993406476368
178263365657094759585473953872
158456325028528675187087966288
4951760157141521099596562512
24768472192264522531380199504
9671406556917033397715024
2535388243115471056293985321040
79789104094565525530673232
2540252960613600324093002973264
1048660
2535301200456458802993407459412
178263365657094759585542045780
158456325028528675187088949332
74075206671527051328
2535301200530534009664933462080
2535380989634340347012798742592
79789177881544019392331840
74075208870013435968
73786978493861724224
2535301200530245781487268134976
77371331142231155622019136
604555431760258310340672
604555143529882158628928
2535301805011602332875565039680
77371330854000779470307392
4
2535301200456458802993406410756
178263365657094759585473888260
158456325028528675187087900676
5261245166962866168321277956
4951760157141521099596496900
2540252960613600324093002907652
2555108241085024887391792398340
4611686018494496788
4611686018511274004
4611686018427387924
2535301200461070489011833798676
178263365661706445603901276180
5270916868667688381071753216
604758057712493940178944
158765810338109613652616151040
5261245466722459565124747264
295147905179352825856
77371547603241446534021120
295147907380524613632
89460805799389937304338432
2535301805232963259561056141312
5261245466722457366101491712
2535378572008673730458367819776
2535301805232963822648448516096
2535301805232963261760079396864
2535301805232963822511009562624
2535301805232963261760079462400
2535301805232963822511009628160
604758057712493940244496
295147905179352891408
77371547603241446534086672
2535301200751894938548911013904
158456325323676580366440792080
9671701704822212750540816
178273037359087952911864496144
24768472487700658086884737040
396527963981503548656517136
158775481740054842468563222544
5270916868667688381071753236
2535388243410907191849489793044
2535301200456531423537397760000
2535301200456481320991543263232
288793326105133056
2535301200456459366080798785536
2535301200456458943868333719552
158456325028529238137041321984
2535301200530534009664396328960
79789178170335146473947136
2535380989634628575189926936576
74075206670989918208
79789473029446999721639936
3022683483918047127797760
368934881474191032320
368935444424144453632
2535301200530245779288244617216
73786976294838206464
2535378571787312801573853200384
77371330853998580446789632
4951760235828976738967224320
2540252960692287216782420213760
77371330854139455441207296
2535378571787312942448780509184
2540252960692287218981443469312
77371330854000779470045184
2535378571787312803772876455936
77371331142231155621756928
74075769620943339524
2535301200530534009664396328964
79789178170335146473947140
2535380989634628575189926936580
2535380989634340344813775224836
2535301200530245779288244617220
79789177881541820368814084
74075206670989918212
73786976294838206468
73786978496008945668
604758057712494477312064
295147905179889958976
77371547603241447071154240
2535301200751894938549448081472
158456325323676580366977859648
158456325323676582565464244288
4951760452289426279486455872
5270916868667690580095270976
77371547603243645557538880
2535388243410618963672361599040
5261245466722459565125009472
2535378572008673732657391337536
2535301805232963261760079659072
4951760452289428477972578372
5261245166962866168322330624
79789473029449198745157696
368934881474191032384
368934883675361771584
368934881474191360064
368934883673214287940
604462914310914281837568
604462909809513677722624
295147905179889696772
2535301200751894938549447819268
158456325323676580366977597444
4951760452289426279486193668
2535301200751606708310735060996
23419283211303256064
23418720261349834752
158456325051659162873262768128
23130487686174867456
2535301200479589853629534699520
4951760180199951191733436416
23130487720534605824
2540255378465239553351353368832
4954178008780750357946958080
2540255378465239564346469646592
4954178013392436376911216896
158533696285613711871206031616
89460515281182975865127172
4194564
2361201818783285510164
2535301202817660058826738499604
158456327390018724346525122580
2361187745034449977364
4611686018427453712
2535301200461070489011833864464
158775481449518623307637784848
9671411168603051825103120
77371257067022285608648976
2535388243120082742312412709136
158533696285595697472696549648
4629700459886542848
2535301200461088538594715369472
2555108241089654622993101357056
4629700416936869888
2535301200461088503410343280640
4701758010974797824
4630263366890291200
158456325033230433198062698496
158456325033447168930129903616
4951760161771221516533366784
23058465310868766720
2535301200456463306627460628484
2361201291189569978372
158456327389711918967029760004
2361183243642502905860
2535301202817642046670269054980
2361183241572328669188
2361183241606688407556
2361201255970838151172
2361273313599235817476
5261245166962866168858411328
178263365657094759586011021632
2540252960613600324093540041024
604242240
2199023518016
2535301200456458805192429928768
158765810038350022454836199744
77371252455338466204713280
537133376
158456325028528677386111418688
64
2535301200456458802993406410816
178263365657094759585473888320
3022314549036573540745216
34363998544
171802952016
563121756373328
396527668833598369303691600
2535301200456458803027770409296
178263365657094759619837886800
158456325028528675221451899216
4260176
2535301200456458802993410670928
158456325028528675324531114320
4503599694479428
4503599711256644
5261245166967369768015757312
5261245166962877300943618048
79789104094567864140300288
2535380989560553370720107757568
4503599627370564
77371252455338468352983040
158533696280984013655440883712
24758800808766035590119424004
23130628561102176260
23130628423663222788
2535301200479589431417069633540
23130487686174867460
2535301200479589853629534699524
9671406561983582978506752
9671406561429429118107648
178263365680225247271648755716
158456325051659162873262768132
2535311476330537215558909431808
2535301200461088503410343280644
2535301200461070489011833798660
89460805799389937304338688
89460805799389937305649408
158456325028528677386178269188
4512395787505668
2535301200456531423537464868864
2535301200456459365943426940928
2535301200456459401127799029760
2535301200456463869543054311424
4503599627437056
2361201291017704243200
2361201431755192598528
2361183945122264449024
2361472034760927805440
2535301200456458802993473519616
536870928
2535301200456458802993943281680
178263365657094759586010759184
158456325028528675187624771600
5261245166962866168858148880
4951760157141521100133367824
2540252960613600324093539778576
2555108241085024887392329269264
77371252455336267718066192
158533696280984011454805966864
651686574636011040538624
4951762536771508809299394564
2540252962993230311802705805316
2540252960613600324230459686996
4951760157141521237053276244
137440002132
2555108241085024887529299509332
5242964
2535301200456458802993411653716
158456325028528675324532097108
2540252960613600324093008150612
34364981332
2535301200456458803027771392084
2535301814364101718983795802112
613907642915990389391360
2535301814364102141196260868096
613907714971385404063744
178263979564737534838374924288
396527963981505747679969600
613908003623974020841472
613908003061024067420160
613907714830647915708416
178263979564737532639351668736
77371547603243647704760640
2535388243410618961473338408960
158456325028533187582809343232
10995117327616
158456325028528686182205228288
2535301200456458813988523738368
2685404416
2535301200456458802996091815168
158456325028528675189773305088
4547751891238928
2535301200530245779288244617280
73786976294838206528
2535301200530245781489415356480
77371252455338476941869312
2535378571708914141470348280064
158533696280984013664029769984
77371252455336275771130112
158533696280984011462859030784
77371252459839877545984256
2535378571708918642870952395008
158533696280988515064633884928
77371252455347270887407872
158765810038354523855440052244
158765810038372538253949534228
2535301200530245781487267872836
73786978493861462084
20
2535301200456458802993406410772
178263365657094759585473888276
158456325028528675187087900692
5261245166962866168321277972
4951760157141521099596496916
2540252960613600324093002907668
2555108241085024887391792398356
77371252455336267181195284
158533696280984011454269095956
3060093480899530636656640
5270916573519785400742182980
178273037063656180218498912256
178273037063651678817894797312
158456967270370345459441205248
3060098092585549130104832
3060098092585549062995968
24758800785707605497982484484
562949953421316
288793326105133060
137438953476
2535301200456459366080798785540
140874927308804
2535301200456458943868333719556
158456325028529238137041321988
72198468965236740
158456325028600873518614183940
158456325028528675222001287168
2535301200456481496913957355520
22693920550944768
2535378571708914280135514918912
2535378571708914702347979984896
2535301200456458802993960058880
2555108241085024889592964186368
553648128
158456325033140361205515288596
5261245171862782562900377620
4951760161753207118023884820
2540252960618212010111430295572
2555108241089636573410219786260
77371257427873205751644180
77371257427310255798222868
158533696285667755066734411796
77371257139079879646511124
4900479344532520980
158456325028533187582809341952
158456325028528675187088949248
158456325028528686182205227008
2535301200461070489011900908548
24759405253229098831602253824
2361183278852661575680
5261247546592886895585264640
2555117950270802038495991889920
2555117950270518179778072215552
386856262276681335906304000
386856262276681335906042192
89460805799387738281082880
4963849710485572570696384512
9671701705385300159627264
295148468266761977856
158456325323677143453849878528
4963849710485574769719640064
4963849710486135658088759296
4963849710486135520649805824
2535301200751894938548910948352
77371547603241447070892032
2555108241385072709103180054528
299759591197780213760
158765810338109611453592895488
24758801085467196695762698240
2535378572008673732657391075328
2535378572008674293408321241088
2555108241385072708965724323840
178263365956854350783254102016
178263365956854913870663254016
24758801085467759783155073024
295147905179352825860
77371547603241446534021124
2535301200751894938548910948356
158456325323676580366440726532
4951760452289426278949322756
89460805799387738281082884
9671701704822212750475268
4963849710485572570696384516
178273037359087952911864430596
24768472487700658086884671492
5261245466722457366101491716
2535378572008673730458367819780
299759591197780213764
158765810338109611453592895492
24758801085467196695762698244
178263365956854350783254102020
2555108241385072708965724323844
178263365956854352982277357572
2555108241385072711164747579396
24758801085467198894785953796
158765810038354523866177470468
9671701993052588902187028
158775481740054842468563157012
24768472487700658086884671508
2361273313599235817472
2361183241606688407552
2361201291189569978368
178273037359087812174376075284
396527963981503548656451604
4963849710485572570696384532
9671701704822212750475284
4954216082860518494527619072
178263365661706445603901277188
77371252456039954623037440
77371252455477004669616128
2535378571708914702210541092864
158533696280988515053896531968
77371252460402816762052608
77371252459839866808631296
2535378571708918642860215042048
4512395720392704
2535301200456463315389126803456
4503599627370496
2535301200456463306593033781248
2535301200456458805192429666304
2535301200456531001324932694016
2535301200456481356175915352064
288230376151711744
72057594037927936
22517998136852480
79789473030009949675061248
368934883675361771520
368934883673214287872
79789473029449198744895488
368935444424211562496
73787117169832624128
2535301200530245920163171926016
73786978496008945664
2535301200530245781489415356416
73786978493861462016
2535301200530245779426220441600
2535301200530534009801835282432
74075206808428871680
2535301200530245781487267872768
74075208870013173760
2379702746790078971904
158456325028551228403956580372
22518006730981376
2361183241435443363844
79789473029446999721639940
368934881474191032324
368934883675361771524
79789473029449198744895492
368935444424144453636
79789473030009949675061252
77373613656627284952481792
158533698642185302609479335936
158533698642167252889158811648
77373613643081301698281472
4900479345069654016
604467521493333551611904
4951760235828415988037058560
2540252960692287216919926276096
77371330853998580513898496
77371331142229094104563712
2535378571787312942311341555712
77371330854702267888566272
77371330854139317935144960
77371330854702267955675136
2540252960692287216919859167232
77371331142229094037454848
2535378571708914139260605431892
79789104094565525547384916
2535380989560553368518953795668
79826883314658859380899844
604462909809515779067904
2535301200530245781489415356420
73786978493861462020
2535301200530245781487267872772
74075208870013173764
73787117169765515268
2535301200530245920163171926020
74075206671526789124
2535301200530534009664933199876
2535301200530245779426220441604
73786976432881139716
158775481444906937297800265728
158765810038372538262543663104
158765810038350020264406810624
178263979564809590233389596676
613907647276653505150980
2535301814364106079646911561732
158456938936175951840593051652
178263979564742036238979039236
613907642773191316733956
613907714830647915708420
158456938936243505835003609092
613908003061161506373636
2535301804919368751045482123268
604462909807315141005312
2535301804919368610308547416064
158456938936171448275879067648
178263979564737532674265055232
178263368313425906199649325056
2656331146614175436800
77371331142791906551922692
77371331142228956598501380
77371330853998580446789636
2540253565076510131408127131648
2535378571787312801573853200388
4951760235828976738967224324
2540252960692287216782420213764
2540252960692287218981443469316
4951760235828415988037058564
77371330854000779470045188
2535301200461070489020964798468
158456325033140361214646288388
4951760452289426278949322816
295147905179352825920
158456325323676580366440726592
2535301200751606708172759236672
34376519680
35218748608512
2535301804919445312239164194816
604462986509245757784064
2535301804919368751045498896384
604462909948052092485632
2535301804919368612507033796608
604462909809513627385856
2535301804919373289829498355712
77371252455336267181195524
295147907378376081476
158456325323676582565463982148
2535301200751606710371782492228
77371547603243645557276740
77371252459848662901588228
158533696280988523849989488900
2535301200461070489046260645892
158533696280984011454269096196
2535378571708936657258724458756
604462909807317292683268
2535301202817642185165717372928
2535301202817660094011110588416
2535301202817660234748598943744
2535301202817660656961064009728
2535301200456463306593033782272
178263368018278038438051643392
79789104094567724620972032
79789104094565525597716480
79789104094565663036669952
79789104099069125225086976
79789104387299638815752192
79789104094567726701346816
79789104094708599548280832
79789104099772812666863616
2379629985508599267328
2379629985646038220800
2361201431892631552016
2379630161567898664960
2361183241434822672400
178263368018282504619923931152
158456327389716420221537943568
2555108243446212632426242441232
2535301202817642607378182504464
2361183382172311027728
2379702183840058507280
2379702746790011928592
2535301202836160986833464918032
2379702043102570151952
2535301202836161409045929984016
178263368036796802688044040208
158456327408230718289658052624
158533696281060713385422749696
2535378571708914139260587606016
77371252455899217134616576
77371252744129593286328320
77371252459848671491522560
158533696280988523858579423232
77371252459839866808565760
4951762592400532155362443264
2540252963048858772198815432704
2453705755129475497984
2453705192179522076672
2535301202909875764796776775680
2453416961803370364928
2453417102678364782592
2535301202909875905671704084480
2453416964004541104128
2535301202909875766997947514880
2453705194380692815872
2453705194378545332224
4951762592400532155362508816
2540252963048858772198815498256
2453705755129475497988
2453705192179522076676
2540252963048858772198815432724
4951762592399969205409021972
79789108706251553084801024
2535380989565165054546491211776
79789108706253742981251072
79789108706251543957995520
2535380989565165054537364406272
2540255378469851239369779707904
79789108724265942467477504
2535380989565183068935873888256
4954178013392436376373297152
4954178013392438575396552704
2361183241435359739968
2535301202817642044428766150720
2361471471811511451712
158456327389711916622447640640
77373613638577702540935232
2535378574070097380695947345984
2379702043103107219520
2535301202836160846096513630272
2379990273479258931264
2379990836429212352576
178263368036796802688581107776
158456327408230718290195120192
2379629985509069291584
2535301202836088788502475702336
158456327408446891072308904000
5261247546592851677390569536
5261247528146107603143950416
2361183241434822672464
2535301202817642044428229083216
178263368018278001020296560720
158456327389711916621910573136
4951762518324762534419169360
2540252962974783565527825580112
2555108243446208128826615070800
2361183241434822606932
2535301202817642044428229017684
178263368018278001020296495188
158456327389711916621910507604
4951762592399969205946155072
2540252963048858772199352565824
2540252963048570541822663721024
5261282945899232727257841668
2540252963048570544021686976580
4951762592111741028280565828
4951762592111738829257310272
2540252963048570544023834460224
2453416961803370692672
2453705192179522404416
2453705755129475825728
79789104094565525530607620
2535380989560553368518937018372
2540255378465239553351352320004
4954178008780750357945909252
2535380989560557880923247345668
79789104099077929840934916
79789104099210000085286916
2535380989560558012993491697668
79789104095128475484028932
2453705194378545332292
2453416964002393620548
2540252960613600326302780358660
4951760157141523309373947908
2540252960613604827703384473604
4951760157146024709978062852
178263368313426469287058472960
2656331709701567807488
9671701993052726357918720
178273037359087952911881208832
178263368313426469287041695744
2555108243741356034143943655424
2656331709564128854016
2555108243741356036207138570240
158456327703306565874972884992
2535301203131236693681291395072
2535301203131237256768683769856
158456327703307128824926306304
2535301203131236695882462134272
158456327703306568076143624192
2535301203131237256631244816384
158456327703306568073996140544
2555108243741644264382119608336
178263368313425906199649386512
2656335650213802868752
2338676801536
158456327703306565874972884996
4951762518325325484439633920
178263368313425906199649320980
2555108243741644264382119542804
4951762518324762534486212608
2656335650213802803220
79789108724265942467477508
2535380989565183068935873888260
4954178013392436376373297156
2540255378469851239369779707908
4951762887259646209780875264
604462909807317275907072
604462909809515762291712
4951762887259646207633391616
4951762887259644008610136064
4951762887260206958563557376
604462909807315124229120
396530030016842011743617024
604462909807314587358208
604247040
537138176
396530030016839813257232384
4951762887259644008610136068
4951762887259646209780875268
396530030034889387011997696
396530030016839804130426880
604462986368508319765508
604462986368508252656644
22553216868684800
604462909807314654467076
604462909807314587358212
178263979564737534838374925316
158456938936171450439988937732
613907642775252901037060
604462914346098653926404
604462914346098586817540
2555108243741644264382656675904
178263368313425906200186454080
2656335650213802868800
2656331146614175432768
2656331146616859787328
2656335650213802803268
178263368313425908398672576580
2656331148813198688324
2555108243741356036204991086660
4952364638498072487893406720
4952364638498072522790016000
158456327703306565874972885056
158456327703306568073996140612
2535301203131236695880314650692
2535301203131236693681291395136
158456327703306568076143624256
2656331146614175498320
2535301203131236695882462134336
2656331146614175432788
5270916578149518803032081408
178273037068263371441986077696
178273037359087812174392918016
4952364638570130081998443524
4952364638570130081931334660
4951762887259644008610136128
4951762887259646209780875328
4951762887259644008610463808
4951762887259646207633391684
178263979564737532639888540688
158456938936171448241502553104
613907642773054414652432
77371547603241447070892036
2201171789056
23058606151436337152
23058430229575892992
24758800808766035590119424000
2540252960636658754185139847168
158456325028528677388259689728
2535301200456458805194578199808
4951760180199986410465263616
4512395721442560
4954178008780761353063235840
2535378571708914139261124477184
158533696280984011454805967104
77371252455336267181195520
2535378571708914139260587606272
158533696280984011454269096192
77371252455338466204451072
77373613638577702003867920
386858623459922770728648976
396530030016839804126298384
77371257067022285608583424
158533696285595697472696484096
4611686018965307648
2535301200461070489012371718400
178273037068263362637836845312
158456325033140361206053208320
4963849419949353410308866304
2540255378469851239370317627648
77371257067024484631838720
77371257085036684118065152
158533696285613711871205965824
77371257139220754573819904
158533696285667895804222767104
77371257067022285608583168
158533696285595697472696483840
158533696285595699671719739392
158456325051659165072286023680
2535301200456458802993477714180
20971780
137459925252
158456325028528677396848574468
2379630020864770048004
2535301202817646548027856388116
158456327389716420221537878036
2361183241434822606868
2535301202817642044428229017620
158456327389711916621910507540
2361472034760927739924
2361471471810974318612
4611694814520410372
77373613643081303845765124
2555108243446208128827151880192
386856262299199342632763392
386856262276681344495910912
178263365657094759585474936832
2555108241085024887391793446912
563087946286400
137992865088
553911616
2535301200456458802993960322368
537134400
2535301200456458802994010654016
158456325028528675187625035072
4503737083168064
4503599644214592
2535301200456463306593050625344
158456325028533187728904290304
77371257067022294735388676
158533696285595697481823289348
4611686018431582484
4611688217450643460
4899918593602355204
2535301200461070489011905102100
4611686018448359700
4611686155887313172
158456325033140361205586592020
2535301200461088538629075107840
158456325033140361205515288576
158456325033140924155468709888
158456325033158375604024770560
158456325033158410788396859392
158456325033140370001608310784
158456325033158973738350280704
2535301200461071052099226173440
4900479344532520960
4611688217450643456
2535301804919373113908158005252
158456929491731779427944628228
604462914873864705015812
604462986368508789522436
2209760673792
565149043785728
2535301202817660094011110653952
2535301202817660234748599009280
2535301202817660656961064075264
2535301202817646548027856453632
2535301200456531423537934630912
79789104094565526067478544
2535380989560553368519473889296
2540255378465239553351889190928
4954178008780750358482780176
79789104387862451799982096
79789104387299501846560784
79789104099069125694849040
2535380989560557872119101259792
4954178009074047284215283728
2540255378465532287327668273168
24759405248617412812569838592
2555108845547934694706379752448
2535301200456458802993943544832
604462909807315124225024
158456929491438482502212125696
178263970120004566900598113280
604462909807314587354112
2540253565076510131407590261760
604462909809550117831680
158456929491438484737205732352
77371252455338466204717056
158456325028533222904619401232
2535388243115471056294052364372
77371252455338466271827008
77371252455338466204718144
67109120
4503599694479616
2199090364672
158456325028533741737205563396
158456325028551193185761624068
158456325028817468513729904644
79789104094565525530607636
2535380989560553368518937018388
2540255378465239553351352320020
4954178008780750357945909268
79789104387862451263111188
79789104387299501309689876
79789104099069125157978132
2535380989560557872118564388884
4954178009074047283678412820
2540255378465532287327131402260
24759405248617412812569838596
178263970120081128093726540804
158456929491515043695340553220
178263979564809730970894733312
613907642773088791171072
604462986368508252652548
178263970120004566900061242372
158456929491438482501675254788
77371252455336267181195268
158533696280984011454269095940
2535378571708914139260587606020
77371252455899217134616580
77371252744129593286328324
158533696280988523858579423236
77371252459848671491522564
77371252459848697261326340
158533696280988523884349227012
77371252459848834700279812
178263368018282504622071349252
2555108243446212632428389859332
24758800785707640682354574340
4644337132503040
158533696280984011454822744064
2535380989565183068935873888276
4954178013392436376373297172
2540255378469851239369779707924
79789108724265942467477524
178263365657094759585473888576
320
2535301200456458802993406411072
158765810038350020255812682048
77371252455336267181195584
158456325028528675187087900736
2535378571708914139260587606336
158533696280984011454269096256
158456325028528675187087900992
2555108241085024887391792398656
4951760157141521099596496960
2540252960613600324093002907712
2555108241085024887391792398400
24758800785707605497982484544
2684354624
2361183241434889715716
158456327389711916759416569860
2535301202817642044462655864836
2555117950270518170981980241920
2535301200456458802993473520644
4503599631565124
2535301200456463306593105084740
4503599648342340
4503737087295812
158456325028533178786786574660
4503599694479684
4951760157146024699307753796
2199027450180
2535301200456458805192500969796
2199044227396
2379702043103107219456
2535301202836160846096513630208
158456327408230718290195120128
178263368036796802688581107712
2379990836429212352512
2379990273479258931200
5261247546592851677390569472
79789104094565525530935296
2535380989560553368518937346048
4954215787717125710828011520
2540255416244175928704234422272
2540255416244460209634619162624
2540255416244175919908141400064
4954215787717116914734989312
2540255416244459646684665741312
2540255416244171418644976238592
37778936366558937612288
37778936375352883150848
37778931862957162758144
541065552
2535301200456458802994014585168
557842768
137996796240
563087950217552
158456325028528675187696075088
603980112
4951760157141521100217254224
396527668833598369840496976
5270916578131471419169832960
158775481449518625506661236736
2199023255620
2535301200456458805192429666372
178263365657094761784497143876
158456325028528677386111156292
2540252960613600326292026163268
4951760157141523298619752516
2555108241085024889590815653956
24758800785707607697005740100
158765810038350022454835937348
77371252455338466204450884
158456325028528675195682030592
4512404314522624
2361183243642439991296
178263365657099263185105454080
178263365657094759585478083584
2555108243446208166210014543872
178263365657094761784501339136
2555108243446208128826619199488
2535301202817642046635846402048
24758800785707605498523549700
24768472192269026131544375300
23058430092136939524
23058993042090360836
2535301200479517233085543350276
158456325051875898605329973252
4951760180199951191733436420
2540252960636658754185139847172
2555108241108083317483929337860
23058432291160195076
2555108241108083319682952593412
2535301200479517235284566605828
158765812399533263889658544388
295147905179956805632
158456325323676580367044706304
4951760452289426279553302528
22553216868679680
35218731827200
4547614452219904
2535301200456481356210275090432
34359738368
72057628397666304
4503633987108864
2233382993920
158533696285613711871205965828
77371257085036684118065156
5261245166962866168859459840
2209764873216
4199424
8594134016
4512404314526720
2535380989634340344813775224832
79789177881541820368814080
2199027454976
158533698642167255096709091328
79789178169772196520525824
79789177881544019392069632
2555117912491874538400969129984
22518135575805972
4503737066323988
2535301200456463869680426156052
4644474554679316
2535301200456463447467961090068
158765812399551311273516859392
158765812399533263889658544128
158765812399533261690635288576
5261247528146107603143884800
158765812399551311307876597760
158765812399533263891806027776
158765812399551276089144770560
5261247528150611202771255296
158765812399537765290262659072
5261247528146144986539229184
2540252960613604836488723300612
2379990273478721798144
4611686027558392832
4629735601313158144
4611694823114544128
79789177881544019392069636
2535380989634340347012798480388
79789178169772196520525828
79789178169772197057396740
2535380989634628575190463807492
2535380989634340344951751049220
79789177881541958411747332
2535380989634628575327365890052
158533705725716977194113433600
4951760157146024701376593920
2540252960613604827694783004672
4951760157141523300772478976
541066240
2555108241085024887392333464576
4951760157141521100137563136
2540252960613600324093543973888
24758800785707605498523550720
2535301200456458802993947476992
178263365657094759586014954496
158456325028528675187628966912
5261245166962866168859463680
2555108241085024887391859507460
178263365657094759585540997380
2555108243464654908119056384000
178263368036796802688043974656
178263368036724745094006046720
2535301200456463306593100890112
536870992
2535301200456458802993943281744
178263365657094759586010759248
158456325028528675187624771664
4951760157141521100133367888
2540252960613600324093539778640
2555108241085024887392329269328
24758800785707605498519355472
158765810038350020256349552720
2540252960613600359277379190784
77373613656627284889568256
9671406556928037103927296
9671406556917033397714944
178273037063651676618871603200
2555117912491581804425190113280
79789104094576529236885504
2535380989560553379522643296256
79789104094565525530673152
2535380989560553368518937083904
79789104095128475484094464
77371252455338466204516352
4611729998892564480
2535301200461070532992298975232
2555108241089636617390684962816
4611730033252302848
2535301200461070533026658713600
2379629985509073224704
2555108243464654872900865623040
4611688217450708992
2535301200461070491210857119744
178263365661706447802924597248
5261247546592886861225526276
2535378571708914139261141254148
77371252455336267734843396
2379629985508532225040
158456327408158660695620125712
178263368036724745094006113296
2535301202836088788501938635792
2379629985508616045588
2379629985508548936724
2535301202836088788501955347476
158456325028551228507102904320
158456325028528710508966051840
158456325028533222904686444544
4951760157141523436125814784
4951760157146174370311307264
158456325028533741736735801344
158456325028529238137108430848
158456325028817468513260142592
2535301200456481356210342199296
2540252960613600359311801843712
23058432291160260608
2555108241108083319682952658944
2535301200479517235284566671360
4951760180199953390756757504
2540252960636658756384163168256
24758800808766037789142745088
23058465276509093888
2555108241108083352668301492224
2535301200479517831219868925952
4951760180199986376105590784
4954178013392436376911216640
2540255378469851239370317627392
2535301200456458943868333723648
84
295147905179352891392
2535301200751606708172759302144
295148468129306312704
158456325028528675187155009620
67108948
2535301200456458802993473519700
4951760157141521099663605844
77371252455336267248304212
2535301200751894938548911013888
5261245166967378564041736208
158765810038355095601486561296
5261245166967941513995157520
5261245166967369767948714000
158765810038354523855440117776
158765810038350583205766168592
24768472192269034927100592144
178273037063656189014591995920
178273037063656743168452395024
24768472192269589080960991248
5261245171863345512853864464
4951760161753207118023950352
2540252960618212010111430361104
4951760161753770067977371664
2535301200461089101544668856336
178263365661724495186782912528
158456325033158410788396924944
4629876338797379600
2535301200461088679332203790352
4629876476236333072
386894041213047903432474628
2555108845552546389529490096132
178263970124616261723171586052
79789104094565528216010756
2535380989560553368521622421508
2535378574070097382903023403008
158533698642167255096704892928
2540255416244175919908141400068
4954215787717116914734989316
4951760157142086248573173760
4951760157141532094712774656
4951760157146587649177288704
4951760157429751475748208640
2540252960613622877275511848960
4951760157142084049549918208
4951760157430314425701629952
4951760157146033495316889600
2540252960613604836488723300352
4951760157146024699223867392
73786978493861527552
2535301200530245781487267938304
73786976294838272000
2535301200530245779288244682752
73787117032326627328
2535301200530245920025733038080
4951760162059451893222211584
4951760162060014843175632896
4951760161753207118561017856
2540252960618212010111967428608
77371330854000779470110720
2535378571787312803772876521472
77371330854139317935210496
2535378571787312942311341621248
77371330854702267888631808
77371331142231155688931328
4611686027558388736
4611694814587519236
5270916573519783201718927424
2535301200530534009664396394512
79789178170335146474012688
2535380989634628575189927002128
2361183241435359741184
158456327389711916622447641856
2535301202817642044428766151936
2361183241434822935808
2535301202817642044428229346560
2361183243633929749764
2361183241434906494208
158456327389711916621910836480
2361183241434889715732
2535301202817642044428296126484
158456327389711916621977616404
4951762518324762534486212628
386858623459922770728583424
77371257067022320521969668
2361183241572278404368
2361183241434839450896
2535301202817642044428245861648
2361183241434822673680
2535301202817642044428296193296
158456327389711916621910574352
2361183241435443365136
2361183241435376256272
2535301202817642044428782667024
4612248968447918080
4612389705936273408
4629700425593913344
2535301200461070489046260645888
158456325033158410925902921728
4629700417003978752
4951760161771221516600475648
4951760162059452030191140864
4629700554442932224
4951760161771362391527784448
2535380989634628575189926936596
79789178169772196520525844
5261247528146107603143884804
5261247528150611202771255300
158765812399537765290262659076
158765812399551311307876597764
158765812399533263891806027780
158765812399533263898248478724
158765812399551276089144770564
158765812399537765292410142724
5261247528150611204918738948
4503599627436096
2535301200456463306593033846848
178263365657099263185101324352
158456325028533178786715336768
4951760157146024699223932992
2540252960613604827692630343744
2555108241085029390991419834432
24758800785712109097609920576
2540252960613600324230458704208
4612248968380809216
4611686018427387904
5261245166962868506998079488
158456327389711916622451838976
73786978496008945728
2535301200461070491210857054212
4951760157141523298686865412
2535301200456458805203167084544
2535301200456458805192496775168
2555108241085024887391792463952
24758800785707605497982550096
158765810038350020255812747344
77371252455336267181260880
2535378571708914139260587671632
5261245166962866168321343568
178273037063651676618871603280
158775481444906937289210396752
5270916573519783201718992976
2535380989560553368518937083984
77371252455338466205762560
77371252455336267719377920
158456327389711916622447644928
2336463525120
563087930561792
2361183241434906493956
2555108241085313117768480981008
178263365657099263185638129680
178263365657094759585473954832
2555108241085029390991956639760
178263365657117312768519700496
2555108241085047440574838210576
2555108241085047968340419543056
178263365657117840534101032976
2361183241434839385092
604467521502137764812032
604467521502137697703168
2361183241443953606660
2535301202817642044437360017412
604462909807314654466048
613907642916127895453696
2535301804919373712042013757440
613907715534335424593920
604462910372463631142912
613907642773191383842816
604462910370264607887360
2535301804919369173258014298112
613907643336003898310656
604462914873864235257856
2535301202817642046635863179264
2361183243642456768512
2535311476325925538336508739584
158466600897995410530190229504
2535311476325925527341392461824
158466600897995399535073951744
24768472192264524730404700160
2555117912491581806624214614016
178273037063651678817896103936
24758800785707605497982484500
288793326105133076
288230376151711764
72198468965236756
72198331526283284
2535301200456531001324932694036
72057594037927956
2535301200456531423537397760020
178263365657166817179511816212
158456325028600732781125828628
5261245166985419350830219284
5261245167256163094053781524
158456325028533178797456887808
158456325028528677396852772864
2555117912491581806763799744512
24768472192264522668819091456
24768472192265087817795768320
24768472192269026131007508480
24768472192264524730403393536
24768472192269589218399883264
2555108845566453496374144073728
604481428608982351675392
158456325028533187728904290308
4512404377436164
2535301200456463315432143585284
4951760157146033641412886532
4512533226455044
4503737133432836
4503771493171204
137506062340
171865800708
35356237889540
175921877221376
22693920618053632
651981727044790556557312
24759405248617412813106970624
2540253565076510131408127393792
2555108845547934694706916884480
651981723104140412846080
77371252459839866808566784
77371252455338466204451840
79789104094565525530607680
2535380989560553368518937018432
4512395720392708
2535301200456463315389126803460
158456325028533187582808293380
4512533159346180
4503599627370500
2535301200456463306593033781252
158456325028533178786715271172
4503737066323972
4503633987108868
158456325028533178821075009540
5261282945894729125550096384
5261282945895294274526773248
396527963981505747679772672
178273037358799583997247684608
24768472487412429909756280832
158775481740054844667586478080
2535388243410618963672361402368
5270916868667690580095074304
158775481740054842468563222528
5270916868667688381071818752
5270916868668251331025240064
158775481740055546156004999168
79826883030940878412709888
79826883026993631668994048
178263365956854352982277423104
24758801085467198894786019328
158765810338109613652616216576
299759593396803534848
79826883314658858844028928
79826883315221808797450240
79826883030932082319687680
2535378572008673732657391140864
79789104094567724553863236
2535380989560553370717960273988
9671701993052588902252560
2535388243410907191849489858576
5270916868667688381071818768
89460805799387738281148432
4963849710485572570696450064
4951760452289426278949388304
178263365657094759586077868032
4899916394579099668
4629700416936869908
2535301200461088503410343280660
178263365661724460002410758164
158456325033158375604024770580
4951760162060014842638499860
4951760162059451892685078548
4951760161771221516533366804
2540252960618230024509939777556
2555108241089654587808729268244
10995117326336
77371547603241447138000896
178263365657094759586012069888
158456325028600873518614183936
158456325028533187582808293376
158456325028533178786715271168
158456325028600732781125828608
158456325028817468513193033728
158456325028551193185224753152
158456325028533741736668692480
158456325028528677386111156224
158456325028529240336064577536
158456325028528686182204178432
368934883673214353408
79789473029449198744961024
368935444424144519168
79789473030009949675126784
368934881474258206720
4512395725640704
5261247546592853878024175616
5261247546592886861225525248
5261247546592853875876691968
10995121525760
4503601780102144
5248000
2201175987200
386858623464426370355953664
386858623477972353610153984
386858623459922770728583168
386858623459924969751838720
386858623477937169238065152
386858623459924971899322368
386858623459924978341773312
158456929496050168520639512576
2379630020727263985664
4611686018969506816
2689602564
562952643023876
5261245166962877172031684608
5270916573524295606029254656
5261245166962866176915406848
613907642773191383842820
604462909807314654466052
604462914310914281836548
604462909809513677721604
77373613638577711134801920
2535378574070097380704541212672
158456325028533187582808297472
77380697188864956492152832
79789104094565526067478608
77380697188302006538731520
2535380989560553368519473889360
604462909807314587354176
2535301804919368610308060873792
178263970120004566900061242432
158456929491438482501675254848
620756996
34980495364
77371252455338466271559680
77371252532038335840911360
77371252459839866875674624
77371252459840004314628096
77371252455336267248304128
77371252455336404687257600
77371252455477142175612928
77371252743566780838969344
77371252455338603710513152
77371252459989537896005632
4951760157141521099597545556
77371547603241446534086656
77371547603804396487507968
24758800785707605498050642004
158765810038350020255880839252
68157524
77371252455336267182243924
2535378571708914139260655763540
5261245166962866168389435476
178263365657094759585474936916
158456929491438484700698510404
4952364620051328414720720976
24759405248617412813106708560
2555108845547934694706916622416
79826883030932082319687684
4951760452289428477972578304
4951760452289989366341697536
158456325323676580366440726528
4951760452289426278949322752
77371547603804396487442432
77371547603243647704760320
77371547603243645557276672
77371547603804533926395904
4951760452289428480120061952
2535301200751606708172759236608
604462909807314654532608
604462909807314587423744
604462914310914218988544
137439286272
604462914310914215837696
2535301804919373113907622248448
4952364638570130081931400192
158765810338110174403546316800
299760154285172588544
2535378572008674293545760194560
5261245466723020316054913024
178263365956854352982277357568
24758801085467198894785953792
299759593396803469312
299760154147733635072
24758801085467759645716119552
178263365956854913733207523328
158456325028528675187087967232
158456327389712479571863994368
2555108243446208128826615070720
4951762518324762534419169280
2540252962974783565527825580032
2540252962974783708601776144384
2555108243446208694113030701056
2361183278818218016768
2555108243446208166210010415104
2535301202817642081811624427520
613907642773053877847056
2535301200751606708172759236612
295147907380523565060
77371547603243647704760324
2540252960636658789403938783232
23130489885265231872
23418720398855897088
23058606151503446016
23131191373683752960
23419283211370364928
158456325051875898605397082112
23058430229643001856
158456325028528675187087966464
2555108241085024887391792464128
4951760157141521099596562688
5261245166962866168321343744
178263365657094759585473954048
65792
2535301200456458802993406476544
158775481444906937289210396928
9671406556917033397715200
77371252455336267181261056
79789108724265942467543296
2535380989565183068935873954048
4629700416936935680
2535301200461088503410343346432
158775481449536637706147266816
9671411186617450334585088
77371257139783567155396608
77371257067585235629113344
77371257427873205818753024
77371257085036684118130944
77371257139079879713619968
77371257427310393304285184
77371257139220754640928768
77371257067022285675692032
77371257067022423114645504
23418720398788788224
5261247546592853878024175620
5261247546592886895585263620
4951762518329266134046474260
4951762518324762534419103764
2540252962974783565527825514516
2540252962974788069127452885012
158765810338109613652616151044
299759593396803469316
2535378572008673732657391075332
5261245466722459565124747268
178263365956854913870646476804
24758801085467759783155073028
158765810338110174403546316804
299760154285172588548
386858623464426370355953668
386858623477972353610153988
386858623459924971899322372
386858623459924978341773316
386856262276683545666650112
178263365657094761786645676032
386858623477937169238065156
178263365657099263187249790976
2555108241085029390993568301056
178263979564737532639352717312
2535301200461161123954334629888
2535301200461070489011833798656
2535301200461071051961787219968
2535301200461070629749322153984
79789108706251543958061328
2535380989565165054537364472080
89460515263168577355710736
158456325033140361205515354384
2555108241089636573410219852048
4951760161753207118023950608
5261245171574552186748731664
5270916578131469220146381072
178263365661706445603901341968
2540252960618212010111430361360
158775481444906937297800265732
386856262277244285926506496
2199023518720
4951760162060014842638499840
2540252960618212054091895406592
2540252960618230165247428132864
4951760161771925203975143424
4951760161771362254021722112
4951760162059451892685078528
4951760161753207118023884800
2540252960618212010111430295552
4951760161753770067977306112
2540252960618212012310453551104
4503599627374592
4096
2199023259648
4952364620055832014348091396
2540253565076514635007754502148
158775481444906939488300957696
5270916573519785400809553920
158456327408158662894643380224
5261247546592853875876757504
4951762536771508807151976448
2540252962993230311800558387200
2555108243464654875099347877888
2379629985508532224000
2535301202836089386636264144896
2379630161430392668160
2535301202836088964423799078912
5261247546592851676853501952
77373613638577711134801924
2535378574070097380704541212676
158533698642167252898222702596
158456967565518250638190116928
4611826755932520448
2535301200461088679332220502016
4629876338814091264
5270916868667688381072080896
396530030016839804126232832
77371252455336404620481600
2535378571708914139260587606036
77371252744129593286328340
77371252743566643332907028
5261245166962866168321278208
158765810038354523855440052480
158765810038350022465573355776
158765810038354523866177470720
77371252459839866808565780
158533696280988515053896466452
5261245166967369767948648704
5261245166962868367344533760
9671406556917033398698068
2555108241085024887391797641300
4951760157141521099601739860
24758800785707605497987727444
178263365657094759619838869588
24768472192264522531381182548
178273037063651676618872586324
77371252459848834767388676
77371252455338468419043332
77371252455338603710513156
77371252455336404687257604
77371252459840004314628100
77371252455336267248304132
651981727053586113757184
651981722541190393364480
79789104099077929840935168
2535380989560557880923247345920
5261245166967369767948714304
178263365657099263185101324608
4503599627436352
2535301200456463306593033847104
158765810038354523855440118080
77371252459839866808631616
2535378571708918642860215042368
158533696280988515053896532288
158456325028533178786715337024
2555108241085029390991419834688
4951760161771221516537626624
2535301200456458802993947476304
158456325028528675187628966224
4951762518324762671925166084
386894041208544293134794752
386894041209109442111471616
158765812399533261690635354128
178263368018278001020296560656
2555108243446208128826615070736
4951762518324762534419169296
2540252962974783565527825580048
5261247528146107603143950352
2361187745034450042896
2535301202817646548027856453648
2535301202817642185165717438480
2361183945122264449040
4951760452289426278949322772
2540255416244171418645043347456
4954215787712613315174727680
4954215787713178464151404544
2540255416244460209634686271488
295147905179352825876
158456325323676580366440726548
2535301200751894938548910948372
77371547603241446534021140
2540255416244171416308581138432
5261245166962866168325538128
2540252960613600324093007167824
4951760157141521099600757072
2555108241085024887391796658512
65872
2535301200456458802993406476624
137439019344
2555108241085024887529298526544
158456325028528675187087966544
4951760157141521237052293456
2209764869120
2535301200456463306603775394816
24758800785707607697009935360
24758800785712109097614050304
24758800785712153078079161344
4503610368984064
158456325028533178797456884736
2535301200456458805203171279872
158456325028528677396852769792
77371257085036684118065172
158533696285613711871205965844
2555108241085024887391792463872
2555108241085024922576164552704
11003706277888
2535301200456458813997112688640
158456325028528686190794178560
178263365657094759585473953792
178263365657095322535427375104
178263365657094794804205780992
2555108241085025450479184838656
158765812399533261699766289408
23058465448374829060
23058430229643001860
23130487858040668164
2535301200456458813988523737088
386856262299199342632763396
158456325028551228403956580352
158456325028528710405819727872
158456325028533222801540120576
158456325028528675221447639040
158456325028600732815485566976
158456325028533178821075009536
158456325028528677420470894592
2535378571708918792393796419584
77371252459989400390008832
77371252459848662901653504
2535378571708919214606261485568
77371252744129593286393856
2555108241085024889590819848192
158456325028551228507035795476
5261247546592851676853501968
360287970189639680
72198331526283264
5066549580791808
293296925732503552
360850920143060992
140737488355328
35184372088832
703687441776640
175921860444160
4644337115725824
77371252455336267182244864
158533696280984011454270145536
158533698642171756490867605504
77373613643081303779704832
178273037359087812174376075264
9671701705385162703896576
24768472487412427710732959744
178273037358799581798224363520
9671701704824411773730816
178273037358799583997247619072
24768472487412429909756215296
24768472487700658224323624960
9671701993052726341140480
9671701704822212750475264
4630263366890291220
2535378571708914139260587934016
158533698642167252889163006228
2535301202817642044428233212180
158765812399533261690639483156
77373613638577702007996692
2535378574070097380695414407444
158533698642167252889095897364
386858623459922770732777748
2535301200530245920025732972544
73787679982279983104
73787117032326561792
73787117169765515264
5261245166967378564041670916
2555108243464654875101495296000
178263368036724747295176785920
158765810038372538253949534468
158765810038350020255812681988
72761281479704576
77371252459839866808569856
77380697192805606635864064
158533705725721480793723764736
77371252455336267718070272
77380697188302007008493568
158533705725716977194096394240
77380697188445080422187008
4951760157141532103319490560
2540252960613600335096725901312
2555108241085024898395502804992
2555108241085024887400386527232
158533696285613711879800098816
24768472192264524732550873088
4951760157146024709965479936
2540252960613604827703371890688
8594128896
2555108845566453637111632367616
23058465310885548032
2535301200479517233085610463232
23058430092136943616
613907642773053877846032
178263979564737532639351734288
158456938936171448240965746704
158533705725716977193559588880
2535301814364101576047284256784
613907647285449598238736
5261245171574552186748735504
4611686018494566416
613908003623974020841492
2379630548458552688640
2379990836428742328320
5261245166962868369492017152
2535380989634628575189927006208
2535304222845083046237333164032
158765810038354523866177470464
5261245166967369767948648448
613981718542674821120000
613981717979724867698688
2535301814437888552342122397696
613981429749348715986944
77380771264071627414962176
77380771263508677461540864
2540252960692287218981443538944
77371331142231155621826560
604555431760258310148096
613981718542674821120004
2535301805011602471414029881348
2535378571787312942311341559812
613981718542674821185552
613981717979724867764240
613981429749348716052496
2535301814437888552342122463248
77380771264071627415027728
77380771263508677461606416
158533705799503953488397795344
2535380989634340344813775294480
5270916578131471419169570816
5270916578149483618655797248
158775481449518625506660974592
158775481449536637714737135616
4951760161753207127154884608
2540252960618212010120561295360
24768472196876208550344392704
178273037068263371441981882368
77380697192805606099058752
5270916578149518803027886080
613907642773054414913600
178263979564737532639888801856
158456938936171448241502814272
2540255378465239553351889457216
2555117912491581804425727184960
79789104094565526067744832
5261245166962866168858415168
604246080
2540255378469851241568803229760
2555117912496193492642640957504
77380697192805606098993220
613907642775252901036100
295147905179420000256
158533705725716977193559588944
77380697188302006471688272
613907642773053877846096
2535301814364101576047284256848
158456938936171448240965746768
79789104094565525597786192
79789104094565525530677328
158456929491438482501742432336
67178576
2555117912491581804425190117456
4503599694484736
4503599627375872
2540255416244171416308514029588
613907642773053878829140
613981717979725404831808
613981429749349253120064
2535301814437888552342659530816
77380771263508677998673984
158533705799503953488934862912
158533705799503955687420985412
77380770975280500333084740
613981429751547739242564
2535301814437888554541145653316
158533705799503953488397729856
5270916573519783201718927364
2535388243115471056293985255428
9671406556917033397649412
158775481444906937289210331140
24768472192264522531380133892
396527668833598369303625732
178273037063651676618871537668
2555117912491581804425190047748
5270916573524295606029254660
2535388243115475568698295582724
562950490292240
4503600164241424
2535301200456463306593570652176
604758057712494544162816
2535301814659249481227173888000
2535301814659249483427807756288
604758058275443960713216
9671701704822212750479360
24768472487412427710732963840
9671701704822213354459136
2535388243410618961473338085376
158466601193143304715029712896
2535301814659249481226637017088
5261245466723020316122025984
2555108241385072711164747649024
2535301814659249481226637017092
2535301200751894938548910952452
2555108241385072708965724327940
2535301805232963822511009566724
2535301814659249481226637082640
2535388243410618961473338150928
9671701704822212750544912
24768472487412427710733029392
178273037358799581798224433168
2535311476621073432520744308752
2535301200751606708172759306256
2535301814659249481226637017108
2535301200751606708172759240724
2535311476621073432520744243220
178273037358799581798241144852
24768472487412427710732963860
4951760157141523300767236096
2540252960613600326294173646848
4951760157146024701371351040
2555117912491581804425726918656
368935444424211566592
77381066123183480662654976
178273037063651676619408408576
2540252960613604827694777761792
614276577654528068812800
614276578217478022234112
77381066123746430616076288
614276577656729240600576
613907642775255048519680
158456938936171450442136420352
2555117912491874538538408083456
158456325028533187625757966336
604462909809515758096384
77381066123183480662654980
4951760157141523298620018688
2535301814659249481227174150208
2535301814659249481226637017152
2535301814659249481226637344832
77371252455336269932658692
2535301814659249483425660272708
77371252455336301624819716
77381066123183480662655040
614276577654528068812864
77381066123185681833394240
614276577654528069140544
77381066123185679685910596
614276577656727092068420
77381066123183480662982720
77371252459839866809680896
158533696280988515053897581568
158456938936175960636687122688
178263979564742045035073110272
158456325028533178788863807744
158456325028528675189773308160
4951760157141521102281904384
4952364620051339409301180672
4951760157141523300768289024
158456325028528677388259692800
4952364624663014433149161728
4952364620051328414184902912
158456325033140361206053212416
158456325033158375604024840448
158765812399551276089144770580
158765812399537765290262659092
5261247528150611202771255316
2555108241085024887391796659200
158765812399533261690635288596
5261247528146107603143884820
4951760161753207118091063568
4951760161753207118023954704
158456325033140361205582467344
77371257067022320589078532
5261245171574552186748665856
5261245171863345512853798912
5261245171574554385771921408
5261245171592566585258147840
5261245171862782562900377600
23058465448307720192
613981429749349253120000
72057765903728644
2535301814437888552342659530752
613981717979725404831744
4951760157141521100200743232
4951760157141521100133634368
158456325028528675187692147008
4951760157146024699291046208
4951760157146024699223937344
158456325028533178786782449984
4951760157141521099663610176
4951760157141521099596501312
158456325028528675187155013952
4951760157141523298687127872
2379629985646038220804
613981429890223643295744
178273037358799581798224363524
9671701704824411773730820
178273037358799583997247619076
24768472487412429909756215300
9671701705385300142850052
178273037359087812174376075268
9671701993052726341140484
24768472487700658224323624964
22694057973125120
24759405248621951596569362432
24759405248621925208290295808
24758800785707605497982812160
5270916573519783202255798288
2535388243115471056294522126352
9671406556917033934520336
4611686027558387712
2535301200461070489020964798464
2555108241089636573419350786048
9671411168603060951842816
2555117912496193490444154306560
9671411168603052361908224
178273037068263362637835796480
9671411186617450871390208
178263368036724745094006046724
2555108243464654908119056384004
178263368036796802722403713028
396527668833600568394252288
158456327389711916621910839552
24758800785712109098146725904
2535301202817642044437427126276
158456929491438482502212390976
4701758045351313408
74075206808428871684
158456929496050170719126163520
2535301200530534009801835282436
5270916573519783201786036308
22553354374742036
67108884
158456325028528675187155009556
2535301200456458802993473519636
386856262276681335905976576
386856262276683534929232128
386856262276683545666650368
4951760157141521099663605780
178263365657094759585540997140
24758800785707605498049593364
2535388243115471056293986304084
5270916573519783201718927380
2535388243115471056293985255444
9671406556917033397649428
158775481444906937289210331156
24768472192264522531380133908
178273037063651676618871537684
396527668833598369303625748
2555117912491581804425190047764
5270916573524286801346297876
2535388243115475559893612625940
2555108241085029390993568301312
10995117326592
2535301200456458813988523737344
158456325028528686182205227264
4512395721441536
2535301200456463315389127852288
158456325028533187582809342208
158456325028528677388259688704
4951760157141523300768284928
2540252960613600326294174695680
158765810038350020255812681732
5261245166967378572631605252
5261245166967378701480624132
5261245166967369767948648452
158765810038354523855440052228
158765810038350583205766103044
5261245166963429118274699268
5261245166962868369492017156
158765810038350022456983420932
158765810038350022465573355524
24768472196876208549807521812
2555117912496193490443617435668
9671411168603051825037332
178273037068263362637298925588
158775481449536637706147201044
9671411186617450334519316
2535388243120100756710922125332
5270916578149483618655797268
604462909807315191595008
2535378574070097382903023403012
158533698642167255096704892932
158533696280988515053896467456
158533696280984013653292352512
4951760157142084049549918212
4951760157430314425701629956
4951760157146033495316889604
2540252960613604836488723300356
2540252960613604827692630278148
4951760157146024699223867396
4951760157146024836662820868
2535388243115471056294522126592
4951760157141521237035450372
4951760157141556318328324100
2535301804919369173257947189252
604462909807314587357188
604463198037690739068932
604462914310914214727684
604462909809513610612740
604462909948052075712516
604462986368508319760384
604462914310914281832448
604462914346098653921280
77418476408395339785043968
77418476124668563797573632
77418476408395340321914880
77418476408958289805574144
77418476120165101676265472
77418476120164966317686784
77418476124668565409234944
2555117950270513667382351761408
77418476120164963700441088
158533705725717120130071134208
77371252459848662901592064
2535301200456463306593100894208
2535301200456458802993473523712
178263365657094761784564256768
24758800785712109097676967936
2535301200456458805192496779264
67112960
178263365657099263185168371712
24758800785707607697072852992
79826883026428482759426048
79826883026993631736102912
79826883315221808864559104
77418476120164963633332228
77418476124668563260702724
77418476408958289738465284
77418476408395339785043972
9671406556917033934520324
24768472192264522531917004804
77418476120165101676265476
77418476120164966317686788
178273037063651676756327268352
178273037063651676618888314880
2535301200456481356175936323584
22553182529912832
2535301200456458838177799471104
35184393060352
2535301200456463350573519863808
4547580113453056
2535301200456458802993427382272
20971520
2535301200461088503410410393600
4629700416936873984
4611686018494500864
178263365661706445603968389120
2535301200461089101544735903744
4629735601308962816
4612248968447922176
4951760161753770068044419072
4630263366957404160
2535301200461161123954401742848
2540252960692287216919859167236
2555117950270513667382888632336
79826883026428483229192208
2540255416244171416309050904592
37778936366557325955088
2535301200461070489011900907540
158456325033140361205582397460
4951760161753207118090993684
77371547603241446534021184
4951760452289428480120062016
295147907380523565120
158456325323676582567611465792
2535301200751606710373929975872
2379630020692971356160
2540255416244171416308581142548
2555117950270513667382368538644
79826883026428482759430164
158533705725716977194096394244
77380697188302007008493572
77380697188302007075602436
158533705725716977196243877892
77380697188302009155977220
77371252532038198871724036
2535301200456463447331059011588
2535301200456463869543524077572
2540252960613622982829164990468
2555108241085047968340419547140
4954178013392436376373297408
2540255378469851239369779708160
2535301814659249481227174150144
2535301200456458803130845364224
2535301200456463869680426156032
2535301200456463447467961090048
72198468965236736
563087392374784
140874927308800
2535301200456459368279822041088
2535301200456458946067356975104
176059299397632
4644474554679296
158765812399533263889658609664
9671406557482319813279744
9671406556917170836602880
9671406556917033397649408
9671406561983720417394688
9671406561420633025019904
9671406556919232420904960
9671406561983582978441216
9671406561429429118042112
9671406557482182374326272
9671406556928028513927168
604462914486836091944960
2535301804919368610308010541056
2535301804919373113907637911552
604462914310914231500800
77373613643081301631238208
158533698642171756488719138880
158533696280988515053896533056
77371252459839866808632384
2555108241085024887392330579968
2535301200456459365943359832064
2535301200456458943730894766080
2535301200456458838177778499584
2535301200456458978915266854912
2535301200456459401127731920896
2535301200456463447330522136576
2535301200456463869542987202560
386858623464426510009499648
386858623464426370423062528
2535301200456458805192430977280
158456325028528677386112467200
2535301200456458805192446444800
158456967270374857854557421568
2361187745036665618432
613981717979862306652164
158533696281006529452405948676
2535378571708914139260587606276
2535388243410907191986928746496
2535388243410907191849489793024
2535388243410618961473338081280
2535388243410618963672361336832
23058465448307724288
23058430229575897088
23130487857973563392
23058606151436341248
23130489885198127104
23130628561102180352
9671411186617450871390212
24768472196876208550344392708
2555117912496193490444154306564
9671411168603052361908228
178273037068263362637835796484
9671411168603060951842820
4611686027558387716
2555108241089636573419350786052
4951760161753207127154884612
2540252960618212010120561295364
2535301200461070497816537726976
4611694823131316224
5261245166967369778690260992
5261245166962868378086146048
79789473030009949742170112
158456325028528686182204182528
178263365661706489618726191104
178263365661707017349947785216
2555108241089637145293705248768
178263365661725022952364244992
2555108241089655150758682755072
2555108241089654622993101422592
178263365661724495186782912512
11805916207176797388800
2684359680
2361187745034986852352
11805920710774277275648
158456336834449385961365176320
11805988264768687833088
158456336834516939955775733760
11806276495144839544832
11806277058094792966144
536876032
386856262299199334042829060
386856262276681335905976580
396530030021906353774137344
158456327389712479571931041792
11805916770124066455552
11805988405505639317504
11805988968455592738816
4512395720397824
2361201291017704181760
2361183243633845866496
22517998136857600
22518006730986496
4611686018427393024
4611686018431587328
4963849415337667391880429568
4963849415338232540320235520
4963849415337678386459836416
2535301202836088788502005682176
2379629985508532162560
2379629985508548939776
23130489885198193664
11805920710773740470288
158456336834449385960828370960
11805988405505639383056
11805988968455592804368
158456336834517080692727283728
178263979564737532639351735312
158456938936171448240965747728
604481356551388364084240
604481356551388296975376
158456327408158660695620128784
11806277058094256095252
158456327408158660695687172116
386856262299199334042828800
11879991976795123482624
2361183241572261560320
2361201431755192532992
4547580096676864
35184376284160
22553182513136640
2535301212336162127199846072320
77373613638579909616992256
2555108241085029434971889075200
2555108241085024922576168682496
2555108241085047440574305534976
24768472196876208549811717120
158775481449536637714741330944
9671411186617458928649216
4611694814520411136
158456325033140370001608311808
24768472196876252530276828160
4629735601313154048
2555108241089654622993105552384
4951760161771256700909650944
2535301200461070489020964799488
11879707687068578676752
2535301212336166490061985087504
2540252963048570541822663790608
4963849419949362205863968768
4963849419949362214453903360
4963849419949353410307817472
79789108724265951061606400
2535380989565183068944468017152
89460515281182984455061504
89460515263168586482450432
2555108241085024889592964186112
11805920710773740470336
158456336834449385960828371008
77371252455336267785442368
77371252455336267718333504
604462909807315191600192
604462909807315124491328
11805916207174113034304
158456336834444882361200934976
4954178008780752556969164800
2540252962993230344820334002176
2379702043102637195264
5261247546592886895585263616
2379990273616227860480
2555108243464654908119073161216
2379630020727280762880
2535301202836161409045929918464
5261247546592851676853436416
4951762536771506608128655360
2540252962993230309601535066112
11805916207174113099856
158456336834444882361201000528
10995117331712
4512395788555520
4512395721446656
137440007424
79826883026428482692317204
11805916207174113034324
4951760180199951191733437440
24758800808766035590119425024
2379702183977497395204
2379702183840058441732
2535301202836160986833464852484
11879707687068578676800
2535301212336166490061985087552
11879991413845102952512
11879703183468951240768
2535301212336161986462357651520
11879991413847787307072
11879703183471635595328
2535301212336161986465042006080
11879707687068578611268
2535301212336166490061985022020
4963849415337667391343558660
89460510651482558928257028
4963849415337667391880429572
89460510651482559465127940
178273037063651676621556940804
24768472192264522534065537028
11879991976795056439376
11879991413845103018064
11879703183468951306320
2535301212336161986462357717072
11879703183468951240788
11879991413845102952532
2361273454165395243024
2361274017115348664336
2535301202817732257158801653776
2361273313427906887696
2535301202817732679371266719760
2535301212336161986462357651540
2201170740544
158456325028528677388258641216
2656331709564195966976
2555108243741356034005967835136
2535301212557522915346872336384
2535301212557523478296825757696
2555108243741644264382119612416
2535301212557523478296825692160
2535301212557522915346872270848
2535301212557527418946499641344
158456327703307128824993419264
2535301212557523478434264645632
2555108243741644264382119546884
2535301212557522915346872270852
2535301212557527418946499641348
2535301212557523478434264645636
2361273454302297325588
77371257067022285692470292
2535301212557527418946499706896
2555108243741356034005967900688
2535301203131237256631244820484
77371257067022285625361428
2555108243741356034005967835156
158533696285595697472713262100
2535301212557527418946499641364
2535301200456458803002017316868
8610906116
2535301200456463306603792171012
4503610385760260
89460515281182975865126916
4963849419949353409770946564
89460515263168577355644932
2535388243115475559894149496832
4951762887260206958630670336
12174855592250079969280
12174855592250078920704
2535388243115471056294522126336
12174855592247931437056
12174856155197884858368
12174856155197951967232
12174856155197884923904
12174855592247931437060
12174856155197884858372
12174855592250078920708
2379629985508532158484
2535301202836088788501938569236
158456327408446891071771770900
2540252962993230309601535066132
2379702043102570086420
2535301202836160846095976497172
158456327408230718289657987092
2379990836428675219476
2379990273478721798164
4952364620055832013812334592
2540253565076514635007218745344
4954178008780750357946236928
178263365657099263187316899840
553914368
2535301200456458802993960325120
77371252455477004669550592
77371252459989400389943296
2535378571708914141459610861568
77371252743566643332907008
77371252460402816761987072
77371252477854265318047744
2535378571708936657258724458496
2535378571708914702210541027328
77371252459848662901587968
77371252455901416157872128
4951762592399969205945892864
4951762592400532155429552128
2540252963048858772336254386176
4951762592111738967300243456
2540252963048570541960639545344
2540252963048570541822663720960
2535301212557527418946499641412
2535301212557522915346872336464
77371330854139455374098432
4611686018964263936
2535301212557522915346872270932
4951762592400532155362443268
2540252963048858772198815432708
2540252963048570541822663720964
4951762592111738829257310212
4951762592111741030428049412
2540252963048570544023834460164
4951762592399969205409021956
4951762592399969205945892868
2540252963048858772199352303620
2540252963048570541960639545348
12174856155197884923968
12174855592247931437124
2453705755129542606848
2453705192316961030144
2535301202909875766995800031232
2453416964002393620480
2453416961803437473792
2453705192317028139008
2535301202909875905534265131008
2453417665490812141568
2453417102540858720256
2453417665490879250432
2453416961803370364932
2535301202909875764796776775684
67114240
5376
68162816
1053952
4503601843016960
4503601775908096
562952705938688
2685408512
4611686019032421632
4611686018965312768
77418771268070145670512640
77418771268633092939579392
77418771268070142986158080
77418771272573742613528576
77418771272573743217508352
386858623464426370355953684
158456327389711916621977686288
386858623459922770728583188
158456327389711916622514491664
77418771268070142986158084
77418771272573742613528580
77418771268633092939579396
77418771268070145670512644
77418771272573743150399492
77418771272573744761012228
386858623464426510009499652
2540255378469851241568802963456
4954178013392445172466319360
2540255378469851248165872730112
4954178013392445181056253952
2540255378469851248174462664704
89460805799950825673461760
5261247528146107603143884864
2361183241434822606912
2535301202817642044428229017664
178263368018278001020296495168
158456327389711916621910507584
158765812399533261690635288640
4951762518324762534419103808
2540252962974783565527825514560
2555108243446208128826615005248
77373613638577702003802176
5261245166962866176915406852
2379702043274435887108
77418771272573742613528596
2361187745034449977412
2535301202817646548027856388164
158456327389716420221537878084
4951762518329266134046474308
4512438670066688
386856262276683674582777856
4952364620051328448543589376
77371252459839866892452932
2535388243410618963672361336836
2361183243633845862468
158456325028528677386111160320
158456325028533178786715275264
4952364620051365831938933760
8589934848
2535301200456458803001996345600
11003706212608
2535301200456458813997112623360
158456327389711916622447640576
2555108241085029390991419769088
178263365657099263185101259008
2379629985508532158528
4512533159411728
4611686018494496772
2535301202836088788501938569280
2555108243464654872900324556864
158456327408158660695620059200
4951762536771506608128655424
2540252962993230309601535066176
5261247546592851676853436480
178263368036724745094006046784
4963849415337667391880429584
89460510651482559465127952
2535388243120082742321539448832
2535388243120100756711458996224
2379629987707555414084
2535301202836088790700961824836
2555108243464654875099347812420
158456327408158662894643314756
4951762536771508807151910980
2540252962993230311800558321732
5261247546592853875876692036
178263368036724747293029302340
604462909809515762287616
2555108845547934696907554685952
4952364620051330615358784512
2540253565076510133608765195264
24759405248617415013744772096
2555108845547934694709068301312
4952364620051328416872399872
2540253565076510131410278810624
158533705799504657175839506432
158533705799504094225886085120
158533705799504657175906615296
158533705799503953488934600704
77380771263508677998411776
2535301200530245779288244621312
77380771264071627482071040
77380771263508814900494336
77380770975278439352762368
158533705799504094363325038592
2361183241435359477840
2535301202817642044428765888592
178263368018278001020833366096
158456327389711916622447378512
158533698642167252898289811460
5261247528146107603143884884
4951762518324762534419103828
2540252962974783565527825514580
2555108243446208128826615005268
77373613638577702003802196
11805988264768687833092
158456336834516939955775733764
11806276495144839544836
11806277058094792966148
11805920710774277275652
158456336834449385961365176324
2361273454165395247108
22553183045817348
2535301202817642185165734154240
2361183241434839388160
2535301202817642044428245798912
2361183241469199126528
2361183243676812316672
613907647285449599221760
2199024570368
2535304222771007839703782133760
2535304222771007982640293744640
158456336834517080692743995392
2535301814364106088443005632512
77371252455336267248304148
178263979564742045035073110016
2535378571708914139260654714900
562949953486864
288793326105198608
2535301200456459365943359897616
140737488420880
2535301200456458943730894831632
703687441842192
4547614452285456
2535301200456463350607858696208
4644474554744848
140874927374352
4963849415337667391343558676
89460510651482558928257044
4951762592111741030428049472
79789104094565525530607872
2535380989560553368518937018624
77371252455338468352983296
158533696280984013655440883968
79789104094565534120542464
2535380989560553368527526953216
79789104094576529236820224
2535380989560553379522643230976
4951760157146068679689043984
2540252960613604871673095454736
386856262276681335905976324
386856262276683545666650116
158533705799503955689568468996
386856262276683534929231876
386856262276681344495910916
158533705799504094363325038596
77380771263508677998411780
158533705799503953488934600708
77380770975278439285653508
77380770975278439352762372
2453705755129475498048
2453705192179522076736
2453416961803370364992
2535301202909875764796776775744
2453705194380692815936
2453416964004541104192
2535301202909875766997947514944
2540255378465239555689962012676
4954178008780752556969164804
2540255378465239555550375575556
2540255378465239553488791273476
2540255378465532287464570355716
2535301202909875766995800031300
77371330854139317935149060
158775481444906937289211379796
178273037063651676618871537728
24768472192264522531380133952
158775481444906937289210331200
9671406556917033397649472
2535388243115471056293985255488
2535301202817732257158801653760
2361187745034986848256
2535301202817646548028393259008
158456327389716420222074748928
536871936
158456325028528675187624772608
2535301200456458802993943282688
2361183241435359477760
158456327389711916622447378432
158456327390018724347061993472
158456325028528675222001287172
2535301200456458802993960058884
553648132
34913386500
2685407232
79789104094567724553867264
2535380989560553368518937022464
2201171791872
5261245166962868369493069824
2540255378465239553351889195008
79789104094565526067482624
2540255378465239553351352324096
79789104094565525530611712
2540255378465239555550375579648
2535388243115471056294522126340
2535388243115475559894149496836
5261282945899232727258890240
2656331148815346171904
178263368313425908400820060160
178263368313425908398672576512
24768472487700658224340403200
2656335650215951335424
2656331148813198688256
2555108243741356036204991086592
2555108243741644264519558496256
2656335650215950286848
2656331146616859787264
386894336357012422457819136
38074080331086551842816
178273037063651678817894793284
24768472192264524730403389508
158775481444906939488233586756
9671406556919232420905028
2535388243115471058493008511044
2555108243741644264382119542788
178263368313425906199649320964
2656331146614175432708
2656335650213802803204
2555108243741356034005967831044
2555108243741356036207138570244
2656331148815346171908
178263368313425908400820060164
2656331709564128854020
2656331709701567807492
2555108241089636573410824818688
4611686018965311488
2535378571787312803772876455940
77371331142231155621756932
77371330854139455374098436
2535378571787312942448780509188
77371331142229094037454852
2535301203131236695880314650624
158456327703307128824993415168
2535301203131236693681291395076
2535301203131236695882462134276
158456327703306568076143624196
2535301203131237256768683769860
158456327703307128824926306308
4951760157141532103302774784
24758800785707605497982550016
4951760157141532240741728256
2540252960613600335096709185536
24758800785708168447935971328
24758800785707640682354638848
24758800785712109097609920512
24758800785712680843656364032
24758800785712153078075031552
2535380989560558012856052748292
79789104094565525597720580
2535380989560553368518937022468
2555108241085024887391792730112
79789104387299501309693956
2540255378465532287327131406340
2555108241085024887394544914436
2685407236
79789104094565525530611716
72057765836619776
171798691840
22553354307633152
35356170780672
4503771426062336
158533696280988523849989554176
604462986368542629167104
158456325028528675187155075072
2555108241085029390993635414016
2555108241085024889593031299072
4954178013392438575396552708
2540255378469851241568802963460
2540255378469851248174462664708
4954178013392445181056253956
4951760161753207255462838276
4951760162059452030124032004
2535301200456481321000137392128
2199023255552
565148976676864
2540252960618230059694311866372
4951760161771256700905455620
4951762887260206958630666240
4951760161771362391460675588
2540252960618230165384867086340
4951760161753207118023884804
2540252960618212010111430295556
4951760161753770067977306116
2379990273616160751616
158456967270374849058465447936
3060093769129906317361152
4951762887260206958563557380
2535378574070101884297253224448
2535388243120100756711458996228
2535388243120082742321539448836
158456325033230433198062698516
158456325033447168930129903636
4951760157141521102347960324
4963849710486135658088764416
386856262276681344500105216
386856262299199342636957696
396527668856116376030412800
396527668833598377893560320
178263365657099834931214815232
178263365657095322535494422528
178263365657117840533631275008
2555108241085029399787518033920
178273037063656189014592978944
2555108241085029390991486881792
178273037063651676618872586240
73786976294905315328
74075206808495980544
2535301200530534009801902391296
73787679982347091968
74075769621010448384
77371252455336267718071296
178273037063651676619408408656
24768472192264522531917004880
158775481444906937289747202128
9671406556917033934520400
2535388243115471056294522126416
5270916573519783202255798352
178263368313425906199649321024
2555108243741356034005967831104
178263368313425908400820060224
2656331148815346171968
2555108243741356036207138570304
178263368018278001020363603968
2535301202817642046627269050368
2361183243633862639616
2535301804919368621303111090176
2535301202817660234748615720960
2361201431755209310208
2535301202817660058826755276800
2361183243642439996416
2361183241435359482880
9671411168611847918059520
2361183241434822611968
2361183241434826806272
77373613643081303779709952
2361183243633845867520
2361183278818222150656
2361183241443953611776
2379629985509073228800
2379702043102570157056
2379629985508532163584
4963849415337678386460884992
2379629985543428772864
2379629985508536423424
4963849415337667391344607232
158456336834444882361201001488
11805916207174113100816
2379702043102637200388
2379702043102570091524
11805916207174196921364
11805916207174129812500
158456336834444882361217713172
158456336834449385961365177360
2379629985508599338000
2379629985508532229136
5261245166967941514062200832
5261245166963429118341808128
5261245167256163094120890368
5261245166962866305827340288
5261245166967369907602194432
5261245166967378701547732992
158765810038350022454903046144
5261245166962868367411642368
158765810038350020255879790592
5261245166962866168388386816
604462909809513610613760
4952364620051328414183855104
604462909807314654467072
604462909809550117835776
2199023522816
4952364620051328448543593472
4952364620051365831938937856
4952364620055867232543052800
604462909807315191337984
2555108243446208128827219251200
4963849419949353410308866048
2535380989560558012993491697664
79789104095128475484028928
79789104099069125157978112
79789104094567724553863168
2535380989560553370717960273920
2535380989560553368656375971840
79789104387862451263111168
79789104387299501309689856
2535380989560557872118564388864
79789104099077929840934912
2555108241085047440574305533952
178273037063651676618938646612
24768472192264522531447242836
158775481444906937289277440084
9671406556917033464758356
158456325028817468513729904656
158456325028533178787252142096
24768472192264522531917004816
178273037063651676619408408592
2555117912491581804425726918672
9671406561420633561890832
24768472192269026131544375312
2555117912491874538401506000912
178273037063656180219035779088
158456325028551228370133712912
604462909807314587684864
2535378571708914141459610861572
77371252743566643332907012
3022314549036573490679808
2535304222771007839566897090560
178273037063656743305891282944
158456967565518250638726922240
2535301200456458802993423188052
3022319160724790404452352
2535304222775619527783810863104
2361183241435363939328
77371252455338502795558916
77371252459839903399673860
4951760235828976739034333184
386856262276681335973089344
5261245166962866168388390976
5261245166962868369492021312
2201237852224
2201170743360
2361183241435426854144
2361183241435359745280
2361183241572261893376
158456325051659162907622506496
23130487857973559296
158456325051875337854399807488
23058430092136939520
23058993042090360832
2535301200479517233085543350272
158456325051875898605329973248
23058432291160195072
2535301200479517235284566605824
23130489885198123008
2535301200461088503418937409536
5261245171863345512920907776
5261245171574552186815774720
2535301200456463315389127853312
1049856
158456325028528675187088950528
2535301200456458802993407460608
4503601775904000
2535378571708914141459610861824
158533696280984013653292351744
158456325028533178788863804672
2535301200456463306595182314752
4503599627371776
77371252459839866808566016
2535378571708918642860214976768
158533696280988515053896466688
158765810038350020255812681984
158765810038350022454835937536
4611686018965308672
2535380989565165056736387661824
158456325033140361206053209344
2535301200461070489012371719424
79789108724265951057412096
2535380989565183068944463822848
22517998220739844
83887364
77373613638579901027057924
386858623459924969751838980
396530030016842003149488388
4512395804280068
22517998153630980
2535301200456481320991560041732
22517998136853764
4629700417020757252
4611694814604297476
77373613643081301631172628
2535378574070101884295037583380
158533698642171756488719073300
77373613638577702003802132
158533698642167252889091702804
4629700416953648388
2535301200461088503410360059140
4629700416936871172
2535378574070097380695410212884
2535380989560557880923247345664
79789104094576529236819968
2535380989560553379522643230720
4611686018427388160
2535301200461070489011833798912
79789104094565534120542208
2535380989560553368527526952960
4611686027554193664
2535301200461070489020960604416
77371257067022294735388928
158533696285595697481823289600
158456325033140361205515288832
4611686018494497024
77373613638577702540673296
386858623459922771265454352
396530030016839804663103760
2555108243741644264382119608320
2656331146614242607104
2535378574070097380695947084048
158533698642167252889628573968
2361183241435359478032
2361183241435426586896
2535301202817642044428765888784
2361183241434826801428
2535301202817642044428300321044
2361183241434843578644
4644337132507136
2535301200456463447330538917888
140737505136640
2535301200456458943730911547392
175921877225472
4512395737174016
2535301200456463315389143584768
4503599644151808
2535301200456463306593050562560
4503634003890176
67109124
77371252477854265318048004
2535301200530534009664396328980
74075206670989918228
77371257067585235562004480
77371257139220617134866432
77371257139783567088287744
77371257427310393237176320
77371257067022423047536640
178263368036724747295176785924
2555108243464654875101495296004
2535380989634340344813775228928
2535380989634340344951751053312
158765812399533261699766288388
158765812399533261690635288832
158456929491438482501675585600
613907642773053878108224
178263979564737532639351996480
158456938936171448240966008896
158533696285613711871205966084
77371257085036684118065412
4629700416936870148
4629700417003979012
2535301200461088503410343280900
2535301200461070497807926821124
158456325033140370001608311044
9671406556919232420970496
9671406557482319813345280
24768472192264524730403454976
178273037063651678817894858752
24768472192265087817795829760
178273037063652241905287233536
9671406557482182374391808
2555117912491581806624213368832
178273037063651687613987880960
9671406556928028513992704
158765810038350020255812681748
5261245166967369767948648468
158456325028528675187155009540
178263365657099263187248742404
158456325028533178797452689412
5261245166962868506998079492
5261245166962866305827340292
5261245166967369907602194436
2555117950270513669718830743552
2555117950270513667520344358912
2555117950270802038496008601600
2555117950270513667382368534528
2535380989634628575189926940676
2535380989560553370720107757572
79789104094567726701346820
79789104094567864140300292
79789104094567724553863172
2535380989560553370717960273924
79789104099069125157978116
2535380989560557872118564388868
79789104094565662969561092
79789104387299638748643332
2535380989560553368656375971844
178273037063651676619475783680
24768472192264522531984379904
9671406556917034001895424
2540252960613600326294173646852
4951760157141523300767236100
2540252960613604827694777761796
4951760157146024701371351044
158533705725716977194096394320
77380697188302007008493648
613981429749348716314688
2535301814437888552342122725440
603983952
386856262276681336509960272
5261245166962866168925261904
137455732032
16778560
2535301200456458802993423189312
1344
2535301200456458802993473520960
158456325028528675187087902016
562952721663296
2201254626624
2701133120
2535301200456458802996107543872
2555117950270513667520344358916
77418476120164963633397760
77418476408958289738530816
77418476408395339852218368
77418476124668563260768256
9671406556917036149112836
24768472192264522534131597316
178273037063651676621623001092
2535301200456458802994014584836
4954215787712613315108667392
2540255416244171416308515078144
79827178174333662112317440
77373613638579903174541376
158533698642167255090262442048
2535378574070097382896580952128
158533696280984013655439836224
77371252455338468351935552
158533705725716977193559523412
4611826755915808784
2535301200461070629749322219536
4612389705869230096
9671411168603051825102848
158456325033140924155468775440
24768472196876208549807587328
2555117912496193490443617501184
178273037068263362637298991104
178273037068263371433392013312
9671411168611847918125056
2555117912496193499239710523392
24768472196876252530272698368
5261245171592566585258147860
4951760157141532103386595328
4951760157146033503990710272
158456325028551228507035795456
5261247528146144986539294720
5261247528146107603143950336
9671406556919234568388608
5261247528150611202771320832
4951760157146024699228061696
2540252960613604827692634472448
4951760157141521099600691200
2540252960613600324093007101952
4951760157164074282109632512
2540252960613622877275516043264
4951760157141556283972780032
79789108706251543957995524
2535380989565165054537364406276
79789108706253742981251076
2535380989565165056736387661828
79789108724265951057412100
2535380989565183068944463822852
2540252960618212010248869249028
22517998673727492
158456325028551228370133716996
4951760157141523298621063424
2540252960613600326292027474176
2379702043274368778240
2379630020864702939136
4611686018494497044
4611686018427388180
2535301200461070489011833798932
2555108241089636573410286895380
158456325033140361205515288852
158533696285595697472696484116
77371257067022285608583444
178263365661706445603968385300
5261247528150611204919787520
2535301200461070491210857054208
4899918593602355200
4899916394579099648
2535301200461160701741869563904
4701898748463153152
4611826755915743232
4612389705869164544
4629876338797314048
2535301200461088679332203724800
2535301200461089101544668790784
158456325033140361214713397252
2535301200461070489021031907332
2535301200751607271260151615488
2535301200461070497807993929728
5261245166962866168321605952
2535301804919445734452149354500
604462986509246277877764
2535301804919445312239684288516
604463198600641229357060
2555108845547939198306543992832
2555108845547934694706916622336
396530030021343404290473984
396530030016839804663103488
396530030034854203172585472
178263970120081128094263410688
178263970120004566900598112256
178263365657094759586011021312
2555108241085024887392329531392
386858623459922779859582976
604462909807314604199936
2535301804919368610308010610688
158456938936243505835020451840
178263979564809590233406439424
603984896
2535301202817642044428833001472
11805920710774344384512
2361273313461746532352
386856262569978261705588736
386856262276681335973085184
66560
2361183804384776093696
2361183382172311027712
2535301202817642081845984165888
2361183241434822672384
2535301202817642044428229083136
2535301200456458802993406477312
2535301202817642607378182504448
2535301202817642185165717438464
158765812399533261690635354112
4611686018427454464
158456325033140361205515355136
178263365661706445603901342720
2535301200461070489011833865216
77371252455338466205766656
4629700416941130752
77371252455336267719382016
2535301200461088503410347541504
178263365661724460002415019008
158456325033158375604029031424
77371252455336269883375620
2540255378465239553488858382336
2540255378465532287464637464576
4954178008780750358013018112
4954178008781313307966439424
4954178009074047283745521664
2361183241434889786368
4954178008780752696622710784
158456325028528675221452882004
563121757356116
171803934804
2535301202836088788501938634752
2379630548458485645312
178263368036724745094006112256
158456327408158660695620124672
2540252962993230309601535131648
4951762536771506608128720896
2555108243464654872900324622336
2379630020692904312832
2555108243464654908084696711168
178263368036724747293029367808
23130489885198189568
158456325051659165072286090240
178263365680225249470672077824
23058430092141200384
2555108241108083317483933598720
4951760180199951191737697280
2540252960636658754185144108032
24758800808766035590123684864
2535388243115475559894149496848
77373613643081301631238160
2535378574070101884295037648912
158533698642171756488719138832
77373613656627284885438480
2535378574070115430278291849232
158533698642185302471973339152
158533698642185865421926760464
386858623477972353610219536
386858623459922770728648720
158533698642167252889091768336
158533696285595697472696550416
77371257067022285608649744
2535301200456458805194644260160
2535301202817642046670269054976
2361183243642502905856
158456327389711918967029760000
178263368018278566169340280832
2379629985508532224016
396527963981503549193322496
396527963982066636048826368
2379630548458485645328
2535301202836088788501938634768
158456327408447454021725257744
2540252962993230309601535131664
4951762536771506608128720912
2555108243464654872900324622352
9671701705385300142850048
9671701993052588902187008
24758800785707605498586464260
2535378574070101884295037583428
158533698642171756488719073348
2555108241085024887392329273344
536875008
158456325028528675187624775680
22553183045816320
2540252960613600324093539782656
4951760157141521100133371904
2684358656
4951760157141521102280855552
2535301200456458802993943285760
77371252455338468351934464
2535378571708914141461758345216
158533696280984013655439835136
158456325028533187582808358912
4951762592111741028280631296
2540252963048570544021687042048
4951762592111738829257375744
2540252963048570541822663786496
2540252963048858772198815498240
4951762592400532155362508800
4951762592399969205476196352
2540255416244171416446556962820
77371331142791906619031552
79789104094565525597720640
79789104094565525530611776
4954178008780750358013022272
2540255378465239553351352324160
158765810038372538254486405124
9671406556919232420904964
9671406561420633025019908
9671406556917170836602884
396530030016842003149553664
396530030016839804126298112
4260864
2453416964002393686016
2535301202909875766995800096768
2453417102540858785792
2535301202909875905534265196544
2453417665490812207104
396530030021906353707089920
396530030021343403820777472
2453705194378612506624
2453705194378545397760
396527963981503548656451588
158775481740054842468563156996
9671701993052588902187012
2535388243410907191849489793028
5270916868667688381071753220
2535388243410618961473338081284
24768472487412427710732959748
77418771268070142986223616
77418771268633092939644928
77418771272573742613594112
77418771268070143053332480
158456336834449385960828370944
2201171788032
2535301200456458805194578198784
178263365657094761786645676288
4951760157141521102281900288
4503601775902976
2535301200456463306595182313728
178263365657099263187249791232
158456325028533178788863803648
4951760157146024701372399872
2540252960613604827694778810624
2201170739520
2535301200456458805194577150272
158456325028528677388258640192
2555108241085024889592963137856
4951760157141523300767236416
178263365657094761786644627776
2540252960613600326294173647168
79789108706251543957995776
2535380989565165054537364406528
79789108706251553084801280
2535378574070101884295037648960
5261247528150611202771320896
2361187745034450042944
2535301202817646548027856453696
178263368018282504619923931200
158456327389716420221537943616
158765812399537765290262724672
4951762518329266134046539840
2540252962974788069127452950592
2555108243446212632426242441280
5261245166967369778690260996
4629700416941129728
9671411186617450334584832
4512533159350272
4503737066328064
137438957568
2209760674048
2535301200456458805203167084800
2336462213120
2535301200456458803130845368320
4503610364788992
2535301200456463306603771199744
4644474554683392
4951760157146033503906824192
5075345740922880
79789104099077921251000580
2535380989560557880914657411332
79789104094565525530607876
2535380989560553368518937018628
2535301814364101576047300968448
613907642773053894557696
4611686027554197504
4611686018964262912
2540252960618212010111967170560
2555108241089636573410756661248
4951760161753207118560759808
158456325033140361206052163584
77373613638577702003867728
158533698642167252889091768400
2535378574070097380695410278480
158765812399533261690635354192
396530030016839804126298192
386858623459922770728648784
77371252455336404636992592
158533696280984011454285939792
396530030016839804663103492
386858623459922779859582980
396530030021343404290473988
4951760157430314425701695488
396530030034854203172585476
4954178013392445172466319620
79789108724265942467477764
2535380989565183068935873888516
2540255378469851248165872730372
22553183112926212
158456336834517080692811104256
2535388243115471058493008576512
2535388243115471621580400951296
2535388243115471067297691533312
2535388243115471056293985320960
2535388243115476122843566112768
2535388243115475568689705713664
386856262276681335905976340
386856262299199334042828820
386856262569978261638479892
5270916573519783201719976020
2540252960613604827692630343696
4951760157146024699223932944
4951760157146587649177354256
4951760157141556283968651280
2540252960613600359277375062032
4951760157142084049549983760
4951760157430314425701695504
2540252960613604836488723365904
4951760157146033495316955152
2540252960613604977363650674704
386856262276683674582777860
4954178008780752696622710788
2535388243115471056294589501440
604462909807314587354116
2540253565076514670191589721092
604462914346098586813444
2535301804919368610308531945472
178263970120004566900599422976
158456929491438482502213435392
4952364620051328414722031616
24759405248617412813108019200
2540253565076510131408128442368
4951762518329266134583345152
2540252962974788069127989755904
2540252962974783565528362385408
4951762518324762534955974656
2361183241437506961408
2684355584
2535301202817642044430913372160
158456327389711916624594862080
158456325028528675189772256256
2535388243115471056294052368384
604462909807314588401664
604462914319710308794368
5270916573519783202255798528
2535301804919373122703715205120
2535301200456458805192430977024
158456325028528677386112466944
2535301804919368610307994812416
2361273454164875149312
2535301202817642185165734150144
2361183382172327739392
2535301200456458802996107542532
2701131780
2535301804919368612507084128256
396530030016839804126298128
396530030021906353707089936
396530030034889387007868944
77371252459839866808565764
2535378571708918642860214976516
158533696280988515053896466436
77371252459840004247519236
77371252455336404620148740
2535378571708914702347979980804
77371252455477142108504068
2535378571708914280135514914820
158533696280984013653292351492
77371252455338466204450820
2535388243115471056296736718852
178263368313425906199649386496
2656331146614175498240
178263368313426469149602807808
2555108243741356036204991152128
2656331148813198753792
178263368313425908398672642048
2555108243741356034005967896576
2656331709564128919552
2656335650213802868736
72198332063158276
4644337652600836
4503600164245508
2540252960613600324101609623552
2535301200456458805192446447616
22553216885460992
4951760157146033503923605504
2540252960613604836497330016256
72057628414447616
10995133059072
2535301200456458813988539469824
2233399775232
4547614469001216
2535301203131236695880314716160
158456327703306568073996206080
2535301203131237256631244881920
158456327703307128824926371840
158456327703306565875040059392
2535388243120100756710922190848
2555108845547934694706383945812
4952364620051328414188044372
2540253565076510131407594455124
24759405248617412812574031956
4951760452289989228969857024
2535301200751606708172759240704
2535301200751606708310735065088
77371252459989537828962304
295147905179352829952
77371547603241446534025216
158456325323676580366440730624
4951760452289426278949326848
295148468266745204736
77371547603804533926400000
4951760157141521099663671296
4951760157429751475815383040
2540255416244171416308514361344
4951762887260206958563622912
4951762887259646207633457152
4951762887259644008677310464
2199023255876
2535301200456458805192429666628
158456325028528677386111156548
79789108706251543957995796
2535380989565165054537364406548
4951762518324762534419173376
158456327389711916621910577152
2361183278990016712704
11038066021376
11805920710773740470272
4503599627441152
158456336834517080692727283712
11805988405505639383040
11805988968455592804352
137439024128
4611686052787126272
4611730033252237312
4951760157141521099596497216
5261245166962866168321278272
4701758045334536192
2540252960613600324093002907968
67109184
2684354880
2535301200456458802996090765632
158765810038350020258497036608
77371252455336269865550144
2535301200751607271122712662020
158775481740054842468563156992
158775481740055546156004933632
5270916868668251331025174528
158775481740054844667586412544
5270916868667690580095008768
5270916868668251468464128000
2201170739264
2535301200456458805194577150016
178263365657094761786644627520
158456325028528677388258639936
2540252960613600326294173646912
4951760157141523300767236160
2555108241085024889592963137600
24758800785707607699153223744
4701898749000028164
386856262276681335906304320
2535301200461160701741886345216
4629700459903324160
4611694857486864384
4951760161753207118040666112
2540252960618212010111447076864
4611694814537191424
604555143527683151958016
2535301805011602330676558368768
24758800785712680843723411456
396527668833600579064299520
24768472192264522531381182464
396530030016839804130427156
2535301200456463306593100891140
2535301200456458805192496776196
2555108241085029390993572495360
2555108241085024889592968380416
77371252455336267785180160
2199090364740
4503599627370820
2535301200456463306593033781572
2555108241085029390991486878020
158456325028533178786715271492
77371252459839866808566084
2535378571708918642860214976836
158533696280988515053896466756
178263365657099263185168367940
158765810038354523855440052548
158456929491438493496792580096
158456929491438482501676302336
77380697188864956492156928
604462914873864168144896
604463198600640692486144
604462914319710307745792
2535301804919373122703714156544
604462909818309703630848
2535301804919369173257947185152
2535301804919368751045482119168
604462909948052075708416
604462910372463564029952
2535301804919368621303110041600
2555108845552546380724807139328
24759405253229098830997225472
604467521493333014740992
2535301804923980296326421151744
178263970124616252918488629248
158456929496050168520102641664
4952364624663014432611237888
2540253565081121817426017648640
2555108845552546382923830394880
604467521502137697697792
604462909807314587353092
2535301804919368610307993763844
4952364620051328414183849988
24759405248617412812569837572
2540253565076510131407590260740
2555108845547934694706379751428
158466600897995399535072903172
158456929491438482501675253764
178263970120004566900061241348
2535311476325925527341391413252
604467521493333014740996
158533705799503953488951382016
613981429749349269639168
2535301814437888552342676049920
77380770975278301309833216
613981429749348715991040
77380771263508677461610496
613981717979724867768320
77380770975278439285657600
613981429749486691815424
604481428749857329250304
604481428749857262141440
2555108845566453637111615586304
604481428749719823187968
4952364638570130081931329536
2540253565095029496025291161600
24759405267136214480317317120
24759405267064156886279389184
4952364638498072487893401600
2540253565094956875481299812352
77380770975278301309898768
613981429749348716056592
23058432291160457216
2535301200479517235284566867968
158456325051875337854400069632
9671411168611856512188416
2555117912496193499248304586752
2535388243120100756719516254208
5270916578131469229277315072
2540252960636658756384163364864
24768472196876252530276827136
604481428749857262141444
79789104099210000152395776
79789104095128475551137792
79789104387862451330220032
79789104094567864207409152
604481428749719823187972
2555108845566453637111615586308
4952364638570130081931329540
2540253565095029496025291161604
2535378571708914141461826502656
4951760161771256700909649920
2540252960618230059694316060672
4951760161753207118028079104
2540252960618212010111434489856
4951760161753251098493190144
2540252960618212054091899600896
604463198600641229357072
604463198037691275935760
604462909807315124224016
2535301804919368610308530634768
4952364620051328414720720912
24759405248617412813106708496
2540253565076510131408127131664
2555108845547934694706916622352
158466600897995399535609774096
158456929491438482502212124688
158456325323676580366507900928
604463198600640692486164
604463198037690739064852
604462909807314587353108
2535301804919368610307993763860
4952364620051328414183850004
24759405248617412812569837588
2540253565076510131407590260756
2555108845547934694706379751444
158456929491438482501675253780
178263970120004566900061241364
604467521493333014741012
3022319160722591364153364
2555108845552546380724807139348
4952364624663014432611237908
24759405253229098830997225492
178263970124616252918488629268
22694057973121040
2535301804923980296326421151764
2535311476330537213359818801172
158456929496050168520102641684
2535301814659249481227241000960
2535301814659249481226637021184
2535301814659250044314029395968
2535301814659249481226704195584
2535301814659250044176590442500
4952364638570130081931329556
24759405267136214480317317140
2540253565095028933075337740308
604481717402308439965716
604481716839358486544404
604481428608982334832660
2555108845566453496374127230996
2361472034761464610820
22553183045813252
2535301200456481356176452224004
2361187745034986848260
4963849710485572571233255424
89460805799950825673457664
2555108241085024898386908676096
2555108241085047440574301339648
2555108241085029399787512791040
2555108241085029390991419768832
2555108241085024922576164487168
11003706212352
3022388336012867774971904
3022388336015066798227456
2535304222844794818060204638208
3022388624243243926683648
3022388336013005817905152
158775481444911440889374572544
158775481444906937289747202048
2535304222844794815861181382656
79789178169772197057658880
2535380989634628575190464069632
178263365661724460002947891200
178263365661706445604438409216
2555108845552546380725344010240
178263970124616252919025500160
2540252960692287218981443731456
4951760235828415988037320704
77371330854000779470307328
77380697188302009155977216
158533705725716977196243877888
77371252455336269865553920
3022388624806193880104964
2535304222845083046237333094404
2535304222844794815861181382660
3022388336012867774971908
3022388336015066798227460
2535304222844794818060204638212
3022388624243243926683652
3022388624243244463554564
2535304222845083046237869965316
2535304222844794815999157207044
604555143529882158366720
2535301805011602332875564777472
604555431760258310078464
604555143527683202220032
604555431758196792885248
2535301805011602471414029877248
604555144231370576887808
604555143668420623466496
604555144231370643996672
604555432321009307353088
604462914346098586812416
604462914310914214723584
2535301804919373113907621134336
604462909809513610608640
2535301804919368612507017019392
2199023517696
2535301200456458805192429928448
396530030034889387007868928
604555432321009240244228
604555431758059286822916
604555143527683135111172
2535301805011602330676541521924
604555143529882158366724
2535301805011602332875564777476
604555431760258310078468
604555143668558062419972
2535301805011602471551468830724
604555431758196725776388
89460805799389937304338436
4963849710485574769719640068
4963849710486135658088759300
77380697188302006471626752
158533705725716977193576304640
158533705725717120130087915520
77380697188302007008497664
77380697188302143910580224
604463198037690739064832
604462986509383179960320
2535301804919445312239147417600
604462986509245741006848
158456929491515043695340552192
604462986368508252651520
2535301804919445734451612483584
4952364620051328414183849984
24759405248617412812569837568
2540253565076510131407590260736
536871248
2535301200456458802993943282000
77380697188302006538735620
77380697188302006471626756
137455797504
16844032
2535301200456458802993423254784
66816
2535301200456458802993473586432
79789104094567726702395648
2535380989560553370720108806400
79789104094565528216011008
2535380989560553368521622421760
158456325028528675187087967488
4629700416936936704
158456325033158375604024837376
2535301200461088503410343347456
4611686018428503296
2535301200461070489011834914048
4702461698953707520
4629700417474002944
2535301200461088503410880413696
4630263367427424256
4701758011511930880
2535301200461161123954871762944
4701898749000286208
2535301200461160701742406696960
4611686018964520960
2535301200461070489012370931712
4951760157141521100133630016
2540252960613600324093540040768
2555108241085024887392329531456
79789104094565526067740736
2535380989560553368519474151488
77371252455336267718328384
2535388243115471056294522388544
158456325028528677386111418432
4951760157141523298620014656
2540252960613600326292026425408
4611688217450905664
2535301200461070491210857316416
178263365661706447802924793920
158533696285595699671720001600
4951760161753209317047402560
2540252960618212012310453813312
2555108241089636575609243304000
4899918593602617408
5270916578131471419169833024
158456325033140363404538806336
604462909809513610608708
2535301804919368612507017019460
2540253565076510133606613516356
77371252455338468351934784
2535378571708914141461758345536
158533696280984013655439835456
604462909809513677717572
4952364620051330613207105604
24759405248617415011593093188
2555108845547934696905403007044
2555117912491581815420306391040
178273037063656743168452395008
178273037063656189014591995904
604462910370264540774404
604463198600640692486148
4952364620055840809904242692
24759405248621925208290230276
2540253565076514643803310653444
604462914319710307745796
2535301804919373122703714156548
2535301200461088503410347540480
23419283211303518272
178263365680225249470672273472
158456325051659165072286285888
23058432291160457280
2535301200479517235284566868032
158456325051875337854400069696
4951760180199953390756954176
2555108241108083319682952855616
24758800808766037789142941760
2540252960636658756384163364928
2535378574070097380695410278672
158533698642167252889091768592
2361183241434822672656
2361183241434889781520
4611686155883185424
4611686018444231952
2535301200461070489011850642704
4611686018427454736
2535301200461070489011900974352
158456325033140361205515355408
4503771426066432
171798695936
2535301200456463306593033781316
2540252960613604836497313234944
2535301200456463315389193912320
178263365657099263185101258820
2201187520512
2535301200456458805194593931264
4951760157146024699240648704
604462909807315124224080
2535301804919368610308530634832
2540253565076510131408127131728
2540252960613604827692647059456
4951760157141521099613278208
2540252960613600324093019688960
158775481449518623316764524544
5261245171574552195879665664
158775481449536637706684071936
5270916578149483619192668160
2535301804923980296326421151748
178263970124616252918488629252
158456929496050168520102641668
4952364624663014432611237892
24759405253229098830997225476
2540253565081121817426017648644
2555108845552546380724807139332
604467521495532037996548
2535301804923980298525444407300
158533705799503953488397733888
604462909807314591547476
2535301804919368610308065067092
604462909807314608324692
604462909807452047278164
4952364620051328414184898644
24759405248617412812570886228
2540253565076510131407591309396
604462909807314588401748
2535301804919368610307994812500
2555108845547934694706380800084
178273037063651676618871603216
2555117912491581804425190113296
9671406561429429118107664
77380771263508677461544964
158533705799504094225886089220
2555108845566453496374127230976
2540253565095028933075337740288
604481356551388296904704
2555108845566381438780089303040
604481356551388364013568
604481356551525802967040
604481356553587320160256
2555108845566381440979112558592
4952364638498074686916657152
2540253565094956877680323067904
158765810038350020255879790612
5261245166962866168388386836
2535378571787312803772876718144
4951760235828415988037320768
2540252960692287218981443731520
23130489885198385152
2535301200479589292878604795904
158456325051659165072286285824
23419283211303518208
23418720261350096896
2555108241108083319682952855552
4951760180199953390756954112
5261245166962868369493065984
24758800808766037789142941696
178263365680225249470672273408
5261245166962866168322326784
77380770975278301376942100
77380770975278301309833236
9671411186617458928648192
24768472196876208549811716096
178273037068263371441986076672
24759405267136214480317317124
4952364638498072487893401604
24759405267064156886279389188
2555108845566381438780089303044
2540253565094956875481299812356
604481356551388296904708
79789104094567864207409156
604481356553587320160260
2555108845566381440979112558596
4952364638498074686916657156
79789104094565663036669956
4503599627437376
2535301200456463306593100956992
158456325028533178786715338048
613907642773053878829056
2535301814364101576047285239808
2361183243633862643712
2540255378465532287327131402240
2540255378465239553351352320000
4954178008780750357945909248
2201171787776
2535301200456458805194578198528
4503601775902720
2535301200456463306595182313472
4951760157141521099597545472
2540252960613600324093003956224
89460805799387738818215936
4963849710485572571233517568
604758057714695111966720
604758058275581332553728
158775481740054842469100290048
5270916868667688381608886272
5270916573519783201786040320
5270916573520348350762717184
5270916573524849751366832128
396527963981503549193584640
396527668833598369370738688
396527668834163518347415552
2555117912491581804425726922752
2555117912491581804425190051840
158456325028528686190798311424
178263365956854352982277619712
2555108241385072711164747841536
24758801085467198894786215936
158765810338109613652616413184
299759593396803731456
604758057712493940178948
2535311476621361662896895950852
158466601193143304714425729028
2535311476621073432520744239108
604758057714695110918148
2535311476621073434719767494660
604758057714692963434500
158466601193143306913448984580
604758058275443893600260
158466601193143867801818103812
77380697192805606635864068
158533705725721480793723764740
2535378571708918792393813135360
158533696280984152191774232576
158533696281060713385439531008
77371252459848697278107648
77371252459839903332569088
77371252455338502728454144
158533705725717120130087911424
158533705725716977193576300544
158456325033140370010202443776
158456325033140361205519486976
2535301805232963259561056141316
2535301805232963261760079396868
2535301805232963822648448516100
2361201255833868959748
2361201818783822381060
2361273313427906887684
158456325051875337854399807492
23130489885198123012
158456325051659165072286023684
2535301200479589292878604533764
23058465310868766724
23058465448307720196
2361273454165395243012
23418720398788788228
23058430229575892996
23130487720534605828
538182912
2535301200456458802993944593664
562950491604224
158456929491515043695877423120
604462914310914751594512
604462914873864705015824
2535301804919373113908158005264
158456929491731779427944628240
5261283241043197254789235712
158466601193143304714425729044
2535311476621361662896895950868
604758057712493940178964
2555117912491874538400969134084
2555117912491581804425190051844
2535388243115476122843566051332
9671406561983582978445316
24768472192269589080960929796
178273037063656743168452333572
24768472192264522531380137988
9671406556917033397653508
2535388243115471056293985259524
604462986509383179960340
604462986509245741006868
2535301804919445312239147417620
604462986368508252651540
2535301804919445734451612483604
178263970120081128093726539796
158456929491515043695340552212
604462914310914214723604
604462914873864168144916
2535301804919373113907621134356
79789104094565534120542212
2535380989560553368527526952964
3022683484480997081219072
3022683483920246151053312
3022683484480997148327936
79789473029449198745157632
2540253565081121817426017648660
158456336834517080692727218176
11805920710773740404736
158456336834449385960828305408
11806276495281741627392
11805916207311551987712
158456327389711916621910511616
2361201291189502873600
2233382999040
34359743488
2361183241572261564416
3022683483918047127797764
4951760157164179835758579716
77371252455338466204451140
2535378571708914141459610861892
158533696280984013653292351812
77371257139220754573819908
158533696285667895804222767108
77371257067022285608583172
158533696285595697472696483844
77371257067024484631838724
158533696285595699671719739396
77371257067022423047536644
158533696285667755066734411780
77371257139079879646511108
77371252459839866809684992
5261247528150611204986896384
158765812399537765292478300160
158456325033140363404538544128
396527963981505747679707136
396527963982066498609872896
396527963981503548656451584
5270916578149483619192668164
158775481449536637706684071940
158775481449518623316764524548
5261245171574552195879665668
11879707687206554435584
2535301212336166490062521892864
11879707687069115482112
2535301212336161986465042006016
2540252963048570541960639549440
77371252455336267181195328
2535378571708914139260587606080
158533696280984011454269096000
77371257067022285625364480
158456929491515043695877423108
396530030016839806877696000
178263365661706445613032275972
9671701704824411773993024
158775481740054844667586674752
24768472487412429909756477504
178273037358799583997247881280
295147907378376343616
4951760452289428477972840512
2535301200751606710371782754368
604758057712493940179008
299759593396803731520
158765810338109613652616413248
24758801085467198894786216000
2555108241385072711164747841600
178263365956854352982277619776
604758057714692963434564
2555108845552546380724807139584
613907642773054414918656
11805920710774277279744
158456336834517080692743999488
11805916207209026424832
613907642773053878113280
11805988405505639321604
11805988264768150966272
11805916207174113038336
11805988405643078275072
24768472192269034927105769472
2555108241085029390991423963136
4951760452289426279486455808
295147905179889958912
2535301200456458813997112623104
8589934592
2555108241085029434971884879872
2535301200456458803001996345344
22518006726787072
2535301200456481321000133197824
613907642773053944960016
613907642773053877851152
613907642773054481765392
613907642773054414656528
11879707687069132263424
2535301212336166490062538674176
11879707687068578615296
11879991413845103022080
11879707687206554439680
2535301212336162127199846010884
77381066123746430683189248
2535301212336161986462357655552
2535301212336162127337284964352
563087392378880
11879991413845102956548
73786978493861724160
74075208870013435904
2535301200530534009664933462016
74075206671527051264
2535301200530245781487268134912
11879707687068578680848
11879707687068645724180
11879707687068578615316
4963849419949362214458097664
89460515281182984459255808
24768472196876208550349635584
5261245166962868369493065728
4503599631569920
77371331142231155622019072
2535378571787312803772876718080
2535301212557527418947103625216
2535301212557522915346872274944
2535301212557523478434264649728
2535301212557522915346939449344
2535301212557523478296825696260
2540252960613600324093539782672
396527668856116367977349120
12174856155197951971328
613907642773054414914560
158456938936171448241502815232
178263979564737532639888802816
396527668833598369840496640
604462909809513615070208
604462909807315128685568
2535301202817660094045487104000
2361201291052080693248
158456327389711916656287023104
158456327389801988648834433024
2535301202817642081846000877568
2361183278852594466816
2535301202817642044462605533184
2361183241469199122432
2535301202817642046670218723328
2361183243676812312576
77373613643081301698281540
2535301200456481919126472757248
2535301200456458802994010394624
178263365657094759586077872128
24758800785707605498586468352
603983872
2555108241085024887392396382208
24768472192264522534065537024
178273037063651676621556940800
604462986368542612389888
604462909807348947091456
604462914346132946550784
5261245166985419351367090180
604555431758196725776384
604555143668558062419968
4644474554744832
3022314549179646954438656
604462909809515759140864
2535301804919368612509165551616
3022314549036572937814272
2535304222771007839566344225024
3022314549047568054092032
2535304222771007850561460502784
4952364620051330615355637760
24759405248617415013741625344
2540253565076510133608762048512
158466600897995399535073952000
2535311476325925527341392462080
158466600897995410530190229760
3022319160722591902073088
2535304222775619525585308483840
158466600902607085554038210816
2535311476330537213360356720896
604467521493333552660736
2535301804923980296326959071488
2555108845552546380725345059072
158456929496050168520640561408
4952364624663014433149157632
2540253565081121817426555568384
2535301202817642044428296196096
2540253565076514635007217631232
4952364620051330613207105536
24759405248617415011593093120
24759405248621916412197208064
4952364620055840809904242688
24759405248621925208290230272
2540253565076514643803310653440
4952364620055867232543047680
24759405248621951630929035264
24759405248621951596569296896
2555108243446212632426242375700
178263368018282504619923865620
3022319160731396047110144
2535304222775619534389453520896
3022319160731387457175552
3022319160722591364153344
2535304222775619525584770564096
3022319160724790387408896
2535304222775619527783793819648
3022319160724790454517760
4954178013392436376910430208
2540255378469851239370316840960
4611686018511275012
4611686018444166148
2535301200461070489011850576900
2555108241085024887391859507520
178263365657094759585540997440
2201237848384
4951760180199953390756691968
2540252960636658756384163102720
4951760180199986376105525248
2540252960636658789369511936000
2535301200456463306595248373764
3022314549036572936765444
2535304222771007839566343176196
3022314549599522890186756
2535304222771007839566880047108
3022314549036573540745220
2535301202836088788536851955712
2379629985543445544960
158456327408230718324034502656
178263368036796802722420490240
3022314549036573473636356
2535301202836160986833481629696
2379702183840142327808
2379702183840075218944
396527963981505747679707140
396527963982066636048826372
2555108241089636573547658739712
178263365661706445603901276160
178263365661706447802924531712
178263365661724460002410758144
178263365661725022952364179456
178263365661724495186782846976
178263365661707017349947719680
178263365661706489618726125568
158456325033158375646974443520
178263365661706445638261014528
2555108845547939198306543992836
178263970120081128094263410692
2535378571708914141459610861636
158533696280984013653292351556
4629700554442932228
3022319160722591364153348
2535304222775619525584770564100
3022319160724790387408900
2535304222775619527783793819652
2535304222775619534389453520900
3022319160731396047110148
3022319160722591901024260
2535304222775619525585307435012
4512395720393728
2361201818783285510144
4503599627371520
2199023256576
1024
2361273313427370016768
2361201255833332088832
2361183241434822606848
2361183804384776028160
2535301202817642044428229017600
2535388243115475568689705713680
2555108241089636573419413704704
2535301200461070489012437782528
396530030016839806877696004
9671411168603052362956800
4951760161753207118565998592
2540252960618212010111972409344
4611686018969501696
2535301200461070489012375912448
2555108241089636573410761900032
2555117912496193490444155355136
178273037068263362637836845056
158456325028551193185291862016
2379629985543445544964
2535301202836088788536851955716
2379629985543512653828
651686579148406759948288
5261245166962868367345848320
2555108845552546389520900161796
4611729998892503040
2535301200461070489011833802752
604467521495532105372736
604467521495532038263872
2535388243115471056293985255684
4951760157141532240741732352
11132555300864
2336462278656
2370822017024
4503599627440128
4547751891243008
4951760157146024699223937024
4951760157146174370244263952
2535301200456458802993406477568
2540252960613600326292042944512
2535301804923980305131104108544
158456929496050177324785598464
604467521495532037996544
2535301804923980298525444407296
178263970124616255117511884800
158456929496050170719125897216
4952364624663016631634493440
604467521502129107763200
24759405253229101030020481024
2540253565081121819625040904192
4951760157146587649714159620
4951760157164074282642309124
2540252960613622877276048719876
2540252960613888554469691490308
4951760157430314426238500868
620758032
553649168
2535301200456458802993960059920
2555108241085024889590815916352
4951760157141523298620014912
178263365657094761784497406272
2535301200456458802993943544128
158765810038350020256349815104
77371252455336267718328640
2535378571708914139261124739392
158533696280984011454806229312
396527668833598369840759104
386856262276681336443109696
2540252962974783565530509869056
4951762518324762537103458304
4952364620055840809905291264
2540253565076514643803311702016
4951760157141523298621063168
2540252960613600326292027473920
4952364620051328414184898560
2540253565076510131407591309312
4952364620051339409301176320
2540253565076510142402707587072
158533696280984013655439835140
77371252455338468351934468
2535378571708914141461758345220
2535388243115471056296670658816
89460510651482559465128192
4963849415337667391410671616
89460510651482558995369984
4963849415338232540387348480
89460510652047707972046848
158456325028533187582813540352
158456325028528686182209425408
158456325028533178788868001792
158456325028528675187093147648
158456325028528677388263886848
396527668833598369840496644
396527668856116367977349124
3022314549036573473636368
2535304222771007839566880047120
83887124
2361183241434906492948
16778260
158456325028528675187104678932
2361183241434839384084
2535301202817642044428245794836
9671406556917036083052548
4951760157141521102286094340
24758800785707605500672081924
158765812399533263891806027840
2540252960613600324095692505092
2689597444
2535301200456458802996096008196
2555108241085024887394481995780
158456325033140361206057406464
2535301202817646548028393259012
2535301202817660058827275370500
2535301202817732679371266719748
2535301202817732257158801653764
178263365657094759594068018176
158456325028528675189777502212
3022314549036572936765460
2535304222771007839566343176212
3022314549036573003874324
2555108845547939207102100144132
604462914346132946550788
2555108845547939233524738949124
604462914346270385504260
4952364620055867232543047684
2540253565076514670225949458436
24759405248621951630929035268
604462909807452026306564
2535301804919369173395386138628
604462909948189514661892
2535301804919368610308547411968
604462909807315141001216
2535304222775619525584770564116
2555108241085029434971889074176
2535388243115476122981005000704
2535388243115475559893612625920
2535388243115471058493008510976
2540252960613600326294178889728
2555108241085024889590882763076
178263365657094761784564252996
2555108241085024889590815916096
158533696280984011454806229056
24758800785707605498519617600
158765810038350020256349814848
2535378571708914139261124739136
288230376688844864
2199023517760
2535301200456458805192429928512
178263365657094761784497406016
77371252455338466204713024
158456325033140405220340137984
158456325033140361239875026944
158456325033230433232422436864
5261245171574554385772183616
77371257067024484632100928
22517998203961604
4512395787501828
67108928
2535301200456458802993473519680
158456325028528675187155009600
4951760157141521099663605824
158456325028533178786715271236
2535301202817642044428229083408
158765812399533261690635354384
89460805799950688234504192
4963849419949353410307817476
24758800785712109099762581504
24758800785707607699158466560
158775481740054844667586412548
2535380989634340347012798480384
2535380989634628575327365890048
2535301804919369173257947250688
178263970120004577895177584640
604462910372463564095488
604462909807314587418624
4952364620051330613207171072
24759405248617415011593158656
2540253565076510133606613581824
604462909809513610674176
2535301804919368612507017084928
2555108845547934696905403072512
3022319160722591364218880
2535304222775619525584770629632
2535304222775619534380863651840
3022319160731387457241088
604467521495532038062080
2535301804923980298525444472832
178263970124616255117511950336
158456929496050170719125962752
4952364624663016631634558976
24759405253229101030020546560
2555108241085024922610524225536
604462910370264540839936
158456929491438482501675319296
11805916207174180213776
11805916207174113104912
178263970124616255117511884804
158456929496050170719125897220
4952364624663016631634493444
24759405253229101030020481028
2540253565081121819625040904196
158456327389711916624594862084
2540252962974788069127989755908
4951762518329266134583345156
35356170784768
22553354307637248
72057765836623872
4952364638498072487893467136
2540253565094956875481299877888
24759405267064156886279454720
604481356553587320225792
2535304222845083046374839156736
2535304222845083046237869965312
3022388624243244463554560
2535304222845083046374772047872
2535304222844794815999157207040
2555108845566381440979112624128
3022388624806193947213824
604462909807314591552512
23058430092137267200
2535301200479517233085543677952
158456325051875898605330300928
23058993042090688512
23130487686175195136
2535301200479589853629535027200
23130628423663550464
2535301200479589431417069961216
2535301202817642044428229018624
396530030034889387011998720
2361183243642439992320
2535301202817642046635846403072
158765812399533263898252674048
2535378571708914141459610927104
77371252455347270887473152
158533696280984022457975373824
77371252455901416157937664
77371252455336267181260800
158533696280984011454269161472
5261245166962901352693432320
2199023321088
2535301200456458805192429731840
178263365657094761784497209344
604462909807314587418640
2535301804919368610307993829392
4952364620051328414183915536
24759405248617412812569903120
2540253565076510131407590326288
2555108845547934694706379816976
604462910511002029195280
3022314549036572936830992
2535304222771007839566343241744
3022314549599522890252304
604467521493333014806544
2535301804923980296326421217296
178263970124616252918488694800
158456929496050168520102707216
4952364624663014432611303440
3022319160722591364218896
2535304222775619525584770629648
24759405253229098830997291024
2540253565081121817426017714192
2555108845552546380724807204880
4954178008780761353063235584
2540255378465239564346469646336
4954178008780750357946957824
2540255378465239553351353368576
4951762536771506608669721600
2540252962993230309602076132352
5261247546592851677394502656
2379629985508532159488
158456327408158660695620060160
178263368036724745094006047744
2379629985543428768768
158456327408158660730516669440
178263368036724745128902657024
5261247546592851676853437440
158775481444906937289747202064
5270916573524286801883168784
158775481444911440889374572560
158456325033140363404538609664
5261245171574554385771986944
4951760161753209317047205888
2540253565095029496025291227152
24759405267136214480317382672
2540252960618212012310453616640
2555108241089636575609243107328
77371257067024484631904256
158533696285595699671719804928
4611686018427453440
77371252455338603643404292
2555108243464654908084696646660
77371252743566780771860484
178263368036796802688043975684
158456327408230718289657988100
77380697192805606635864080
158456325028551228370133713924
3022388336013005817905156
158456327389716420222074748932
158456327390018724347061993476
158456327389801988614994788356
2535304222845083046374772047876
2535301200456463306603771199488
158456325028533178797452689408
178263365657099263187248742400
24758800785707640716714311680
2555108241085024889592963137536
24758800785712109097609854976
24758800785707607697005740032
24758800785708168447935905792
24758800785707640682354573312
24758800785712680843656298496
24759405253229098831534096384
3022388336015066798292992
2535304222844794818060204703744
3022388336012867775037440
2535304222844794815861181448192
178263979564809730970877952000
178263979564737534872734662656
2540252960692287216782420541440
4951760235828976738967552000
77371330853998580447117312
77371331142228956598829056
77371331142791906552250368
2535378571787312801573853528064
77380697188302007075602432
2535378571708914139261191589888
89460510651482559465127936
2535301814364101576047838101504
613907642773054431690752
604555143529882158432256
2535301805011602332875564843008
604555143668420623532032
2535301805011602471414029942784
604555144231370576953344
604555431760258377252864
604555431760258310144000
2379629985508532159508
2535301202836088788502005679124
178263368036724745094006047764
158456327408158660695620060180
158456929491439045451628675072
158456929491438493496791531520
158456929491438484700698509312
158456929491731779427407757312
158456325028528677386111418368
2555117912491581804425190051904
67108864
137506062336
140874994417664
72198469032345600
158456325028533187582875402240
4512395787501568
158456325028533178786782380032
4503599694479360
72057594105036800
4503737133432832
2540252960613600335096713314304
24768472192264533526496411648
2209764868096
2535301200456458805203171278848
24758800785712153078079160320
613908003061161506373632
604462909807452026310656
604462914311051653681152
604462914486973514125312
3022388624806193880170512
2535304222845083046237333159952
604462909948189514665984
604462986509383179964416
77380697188302006471692288
4951760157141521237035450368
4951760157146024836662820864
3022314549047568054091776
3022314549036572937814016
4954178008780752556970475520
2540255378465239555550376886272
2535304222771007850561460502528
2535304222771007839566344224768
4954178008780750358484090880
2540255378465239553351890501632
24759405267064159085302644736
604481428608982334832640
604481717402308439965696
604481716839358486544384
604481357114338250326016
604481429312669776609280
4952364638570130253730021376
24759405267136214514677055488
4952364638570130116291067904
604481716839495925497856
77371252455338466204712960
2535378571708914141459611123712
158533696280984013653292613632
396527668833598369840496896
396527668833598369303625984
396527668833600568326881536
9671406556917033397649664
2535388243115471056293985255680
158775481444906937289210331392
5270916573519783201718927616
396527668833600579064299776
158775481444906937289747202304
9671406556917033934520576
3022319160722591902072832
2535304222775619525585308483584
2540252960636658789369512001536
24758800808766070774491578368
23058606013997449216
2535301200479517409007403859968
23058606151436402688
327744
2535301200456458802993406738496
178263365657094759585474216000
158456325028528675187088228416
4951760157141521099596824640
2540252960613600324093003235392
2555108241085024887391792726080
24758800785707605497982812224
4611729998892498944
4611694814520410112
2535301200456458802993406410836
178263365657094759585473888340
158456325028528675187087900756
2540252960613600324093002907732
4951760157141521099596496980
2555108241085024887391792398420
24758800785707605497982484564
2540252960636658789403871674368
158775481449518623307637719296
9671411168603051825037568
2535388243120082742312412643584
158775481449518623316764524800
9671411168603060951843072
2535388243120082742321539449088
2555117912496193490443617435904
178273037068263362637298925824
24768472192269589080960991232
24768472192269034927100592128
2199090364484
2535301200456463306593100890180
158456325028533178786782380100
4951760157146024699290976324
2535301200456458805192496775236
158456325028528677386178265156
4951760157141523298686861380
2535301200456458813988589797376
4701758182840598532
158456325028528675187159204100
604462909807314587418704
2535301804919368610307993829456
2540253565076510131407590326352
604462909807314654527568
4952364620051328414183915600
24759405248617412812569903184
2555108845547934694706379817040
396527668856116367440478468
89460805799950825673457668
158533705799503953488414576640
158533696280984022457975308544
77371252459848671491522816
158533696280988523858579423488
2361183241469182345216
2535301202817660094045470326784
2361201291052063916032
2361273313461729755136
2233382994944
34359739392
4503633987109888
4547614452220928
35218731828224
22553216868680704
89460515281182976401997824
2555117912496193499239710458116
9671411168611847918059780
178273037068263371433391948036
2535388243120100756710922125572
9671411186617450334519556
158775481449536637706147201284
77371252459989537828962320
2535378571708914702210541092880
5261245166962866168321343504
4951760157141521099596562448
2540252960613600324093002973200
2535301200456463447330522202128
2535301200456459401127731986448
2535301200456458978915266920464
4644337115791376
2555108241085024887391792463888
158456327408158660730516668416
2379629985543428767744
5270916573519785400742248448
5270916573520348350695669760
158775481444906939488233652224
5270916573524849751299784704
158775481444912003838791188480
158775481444911449684930789376
5270916573524295597439385600
73786976294838534208
2535301200530245779288244944960
77371252455347434096234496
77380697188864956425109504
77380697192805606099058688
158533705725721480793186959360
77371252459839866808635392
79789104094565525597716500
158456325033158973738350346256
5261245171592601769630302224
2540252960618230059694311931920
4951760161771256700905521168
2555108241089654622993101422608
4629700416936935440
2535301200461088503410343346192
2555108241089655150758682755088
4630263366890356752
158456325033158375604024836112
4503599628485888
2535301200456463306593034896640
158456325028533178786716386560
77371252455899217134682128
77371252744129593286393872
158533696280988523849989554192
158533696280988515053896531984
77371252460402816762052624
77371252455477004669616144
77371252456039954623037456
2535304222845083046237333094420
3022388624243243926683668
77371257067024484632100864
158533696285595699671720001536
79789104094565525531656448
2535380989560553368518938067200
158456325033140361205516403968
178273037063651676618938650624
4512404310327300
2535301200456463315397716738052
158456325028533187591398227972
4512438670065668
158456325028533187625757966340
178263365657099271981194280964
2555108241085029399787512791044
178263365657099263185101258756
2555108241085029390991419768836
178263365657095322672866263044
2555117912491581804425726922832
158456938936171448240966729728
158456325028528677388259688448
158456325028533178788863803392
158533696280984011454805967872
77371252455336267718067200
4951762518324799917818642432
140737488420864
2535301200456458943730894831616
2535301200456459365943359897600
4503599627436032
703687441842176
2535301200456458978915266920448
2535311476621073432520744304640
158466601193143304714425794560
158466601193143867664379215872
604758057714692963500032
2535311476621073434719767560192
158466601193143306913449050112
604758057712493940244480
604758058275443893665792
2535311476621361662896896016384
604758057712494007353344
178263365956854350783254429696
2555108241385072708965724651520
24758801085467196695763025920
158765810338109611453593223168
5270916573519783204470390788
158775481444906937291961794564
299759591197780541440
2535378572008673730458368147456
5261245466722457366101819392
2361273313427437125632
2361201255833399197696
158775481444912003838875009024
158775481444907502438270894080
158775481444906937289294217216
2361201291017771286528
2535388243115471056296670658564
158533705725717120130155020288
158533705725716977193643409408
386858623459922770728583232
4951760180199953390756691972
2540252960636658756384163102724
4951760180199986410465263620
2540252960636658789403871674372
4952364620055832014348091408
2535311476621361662896896016400
158466601193143304714425794576
2540253565076514635007754502160
5261245171592566585262407680
158775481449536637706147266560
5270916578149518803027951616
77371252455336267265082432
77371252455336267197973568
158533696280984011454285874240
2540253565094956877680323067908
24759405267064159085302644740
604481356551525735858180
2540253565095028933075337740292
604481428608982334832644
2555108845566453496374127230980
604481716839495925497860
4952364638570130116291067908
24759405267136214514677055492
4952364638570130253730021380
613907642775252901041156
3022683483920246151118848
3022683484480997081284608
3022683483918047194972160
79789473029446999721967616
4951762518324762534419107840
2540252962974783565665264472064
2540252962974783708601776082944
4951760157141556318328329216
4503601774859264
79826883026428482692648960
613907642773053877780480
613907647276653505150976
2535301814364106079646911561728
604462909809513610612736
2540252960613604827692630278144
2201170739200
2535301200456458805194577149952
4951760157141523298619752448
4951760157164074282105438208
2540252960613888554469154619392
2540252960613600326292026163200
2540252960613600335088119185408
4951760157141556283968585728
4951760157146068679688978432
77371252455338466288337988
77371252459839866825344068
158533696280988515053913244740
2535301200461070489011837993236
178263365661706445603905470740
158456325033140361205519483156
5261245171574552186752860436
4611686018981036036
73787679982280048640
2535301200530534009664396394496
74075769620943405056
178273037063656743168452329472
74075206671057092608
74075208870080348160
74075208870013239296
4701898885902106624
2535301200461070629886761107456
4611826893354696704
4629876476236267520
4611686155866341376
4899916532018053120
4629700554375823360
79789108706253742981513280
2535380989565165056736387924032
4952364624663014433148108800
2540253565081121817426554519552
11879707687206621544448
77371252455336267248304192
158456967270374857854558404608
158456967270370345458838011904
77371331142231155621822464
4951760235828415988104232960
2540252960692287218981443534848
396527668833598369303691520
89460515281182976401997828
89460515263168586482450436
158456325028528675187155013888
158456325028533178786715275520
158456325028528677396848578816
4951760157141521100200481024
4951760157141521100133372160
158456325028528675187691884800
158456325028528675195677839616
158456325028533178797452693760
158456325028528686190794117376
4951760157146024699290980608
295147905179353153600
77371547603241446534348864
2535301200751606708172759564352
158456325323676580366441054272
4951760452289426278949650496
77371252455336269866603520
604758057712494544158720
158456325028533187591398227968
178263365657099271981194280960
178263365657099263185101258752
178263365657117840533564162048
178263365657166817179511816192
178263365657094761784497143808
178263365657095322535427309568
158456325028528686190794113024
178263365657094770580590166016
178263365657099834931147702272
604462914346133030436864
5261245166962868369560174592
158765810038350022457051578368
2535380989560553370717960339456
79789104094567724553928704
2535380989560553511592887648256
2540255378465239555550375641088
4954178008780752556969230336
2540255378465239564346468663296
4954178008780761353062252544
2540255378465239553351352385536
4954178008780750357945974784
4954178008781313307899396096
79789104094567726702395392
2535380989560553370720108806144
2535301200530245779426220445696
396527668833598369840496656
396527668856116367977349136
79789108706253742981316608
2535380989565165056736387727360
4954178013392438575396618240
2540255378469851241568803028992
79789108706251543958061056
2535380989565165054537364471808
4954178013392436376373362688
2540255378469851239369779773440
2540255378469851248165872795648
4954178013392445172466384896
77371252455336267801953360
4951760157141521100200480784
77371252455336267734844496
158533696280984011454822745168
613907642773053878109184
158456938936171448240966009856
178263979564737532639351997440
386858623459924969751838788
2555108845547939198306008236032
4951760157146024710045171716
5261245166962866168858152960
24759405248617412815258387456
4951762518324762534960431104
2540252962974783565528366841856
2361183241435363934208
2535301202817642044428770344960
2555108243446208128827156332544
2535301212336166490061985087488
158765812399537765292410142720
158456929491515043729700290560
158456929491438482536034992128
158533696280984011462863224832
4503601775906816
396530030034854202639974400
2535301804919368751182921076736
2535301804919369173395386142720
2535301200461070489011834126336
4900479344532848640
4612248968381136896
72057594037933060
2361471471810974322692
5124
35184372093956
4503599627375620
2361183382172310966276
604467521493333015855360
4952364624663014432612352256
2535301804923980296326422266112
2555108845552546380724808253696
158466600902607085553501405440
158456929496050168520103756032
2540253565081121817426018763008
3022319160722591365267712
2535304222775619525584771678464
178263970124616252918489743616
2540253565076510168825412452352
604462909809513677717504
604462909807314654461952
604462909807452093415424
604462909948189581770752
604462986509383247069184
2540253565076514670226016567296
158775481444906939490382119168
89460510651482558928257280
178273037063651687613988864256
9671406556928028514976000
2555117912491581815420307374336
178273037063656189014592979200
5270916573519785402890715392
2535388243115471058495157043456
9671406556919234569437440
178273037063651676618872586496
2555117912491581806624213307392
9671406556917033397653504
24768472192264522531380137984
178273037063651676618871541760
158456325028528675195682033664
2361183241434839385344
2535301202817642044428245796096
2361183241434822608128
2535301202817642044428296127744
158456327389711916621910508800
2535301200461070532992298909696
2535301200461070497807926820864
77371252455336267181195348
2535378571708914139260587606100
158533696280984011454269096020
158765810038350022456983421248
5261245166962868369492017472
2361183243633862640900
2535301202817642046627269051652
2361183243633845863684
89460515263168577355645184
9671411168603052362957056
2555117912496193490444155355392
89460515263168586482450688
158456325028533178788929863684
4963849419949353409770946816
2535301202817642046627319383300
2555108845547939198306007122944
2555108845547934696905403008000
178263365657099271981262438400
178263365657094770580658323456
178263365657094759585542045696
77371252455338466271559748
24759405248621916412734078980
158456325033140361343021350916
89460510651482558928257284
2361183241435359479056
604758058275443893600256
604758057714692963434496
604758057712494477049856
604758057714695110918144
604758058275443960709120
158456325323676582565464244224
5270916573524286801883168768
5270916573519783202255798272
295147907378376343552
2535301200751606710371782754304
5261245166962866168862343168
158456325028533187582808294400
158456325028528677386111157248
158456325028528675187087901696
158456327390018724346525122560
158456327389712479571863928832
158456327389711916621910507520
158456325028528686182204179456
4611686018494496768
4611686155933450240
4611826893421805568
158456325033140361205582397440
158456325033140924155535818752
158456325033447168930197012480
4701898885969215488
158456325033158375604091879424
2535301200461070533026725756928
4611729998959607808
4963849419949362205863969028
2535378572008673732657391337472
5261245466722459565125009408
79789104099772812599820304
79789104095128475484094480
79789104094565525530673168
2535380989560553368518937083920
2540255378465239553351352385552
4954178008780750357945974800
2535380989560557880914657476624
79789104099077921251065872
79789104099209862646398992
2535380989560558012856052809744
604462909807452026639424
158456325028528675187088229376
178263365657094759585474216960
158456929491438482501675320320
178263970120004566900061307904
158456325033158375604024774656
2535301200456458802993473589248
178263365657094759585541066752
24758800785707605498049662976
604758058275581332553732
604758057712494477049860
79789108724265942467543056
2535380989565183068935873953808
4954178013392436376373362704
2540255378469851239369779773456
604467521495532105105408
178263970124616261723238694912
4952364624663023374800257024
24759405253229670577110777856
24759405253229098831064334336
2555108845552546389529557204992
4952364624663023228771368960
4952364624663014432678346752
604467521502137764806656
158456325028528677386112468224
328000
2535301200456458802993406738752
178263365657094759585474216256
158456325028528675187088228672
4951760157141521099596824896
2540252960613600324093003235648
2555108241085024887391792726336
77371252455336267181523264
158533696280984011454269423936
563087392702784
178263365657094759586014953808
2555108241085024887392333463888
178263368018278001020833367040
2535301202817642044428765889536
2233383059456
4547614452285440
2535301200456463350607858696192
2555108241085029399787512795136
2535301202817660058826805608448
2535301200456458802993473520640
4951800297256625491647922176
178263365657099263195842872320
178263365657094761795238757376
2555108241085024898395498676224
178263365657094770589180166144
158456929491731779427407757332
4952364620055832013811220500
24759405248621916412197208084
2540253565076514635007217631252
2555108845547939198306007121940
604462914346270452613124
158456929491438484840352055300
604462909809515825201156
2535388243410618961611313909760
9671701704822350726303744
24768472487412427848708788224
2535301804919368612543591350276
604462909809651116670980
604462909807452093415428
604462909807486453153796
396527963981503548656455680
5270916868667688381071757312
158456325028528675187691880528
5075345673814016
4547580092481536
178263365661724495221142585348
2555108241089654622993101357060
2555108241089655150896121643012
178263365661725022952364179460
178263365661706445603901276164
613907642775287260774400
2555108241089636573410219786244
178263365661706447802924531716
4951760157141556318328324096
2540252960613600359311734734848
158765810038350022454835937604
89460515263168577355645204
2535301200461070489012387446788
158775481444906937289747202052
158775481444911440889374572548
4951760157141523298623946752
79789177881544019392135168
2535380989634340347012798545920
79789177881541820368879616
2535380989634340344813775290368
4264960
2535380989634628575189927002112
79789178170335146474012672
79789178169772196587700224
158533698642185267287605448704
4701758182773489664
4611686190226079744
4629735773107650560
4194624
2535301200456458802993477714240
158456325028528675187159204160
396527668833598369303626048
2535301200456458802993410605376
178263365657094759585478082880
158456325028528675187092095296
5261245166962866168325472576
396527963982066498609876996
5270916868668251331025178628
158765810038350020255812681792
5261245166962866168321278016
4951760157146024699223867460
2540252960613604827692630278212
158456325028533187582809346304
4951760157141521099597549824
5270916868667690580095008772
5270916868668251468464128004
158456325028528677386182459716
396527668833600568326881604
2535301200456463306593037975876
178263365657099263185105453380
158456325028533178786719465796
5261245166967369767952843076
2540252960613604827692634472772
4951760157146024699228062020
2555108241085029390991423963460
2535301200456458805192433860932
2535380989634628575327432998912
79789178170335146541056000
79789177881541820435922944
178263365657094794804205715456
178263365657099307199926108160
2540253565076510131407590326272
4952364620051328414183915520
178263365657094759619833626624
178263365657166817213871554560
158456325028551193228174426112
178263365657099263219460997120
2540253565076510168825345409024
158456325028528675230037573632
4952364620055867198183374848
4952364624663023374800257028
2540252962974783565530509869060
4951762518324762537103458308
2361183278818217955328
2535301202817642044428229021696
158533696280984011454269161552
67174480
77371252455336267248369744
137439019088
2535301200456458803130912538704
158456325028528675187155075152
4951760157141521099663671376
10995116282880
2361183241434822673408
158456327389711916621910574080
178263368018278001020296561664
2535301202817642044428229084160
2361201255833336349696
2535301202817660058826742760448
158765812399551276089149031424
2379702043102570152960
158456327408230718289658053632
178263368036796802688044041216
2379629985508536419328
2555108243464654872900328817664
4951762536771506608132916224
2540252962993230309601539326976
5261247546592851676857697280
158456325028528675189772256576
4951800592405093620954169344
2535301200456458946067356979200
24758800785707607699153223680
24758800785712109099757338624
178263979564737534840522407936
604462909948189514661888
604462914486973514121216
604462909807452026306560
604463198037828178018304
604462914311051653677056
604462909809651049562112
4951760157146033495383998464
4951760157146024699290976256
4951760157146024836729929728
4951760157141521099663605760
4951760157141521237102559232
4951760157141523298686861312
2540252960613600324230508969984
4951760157164179972727767040
2540252960613888554606660681728
4951760157141661974590914560
178273037063651678820042276864
2535301804919445734451679596544
613908003623974087950336
2535301804919368612507084132352
2535301804919368610308060876800
613907642773053944889344
613907642775424766836736
604462909809651049566208
2535301814364102141196327976960
2535301814364101576047351300096
2535378571708914141459677970432
77371252459848662968696832
396527668833598369840758784
2535311476325926092627807043584
158466600897995964684049580032
2535311476325925538336507691008
158466600897995410530189180928
2535311476325925527478830366720
158466600897995399535072903168
2535311476325925527341391413248
5270916573519783202256060416
2535388243115471056294522388480
604481428608982401941504
604481716839495992606720
604481429312669843718144
604481357114338317434880
604481717402308507074560
4952364638570130253797130240
2540253565095029496025358270464
4952364638570130081998438400
2540253565094956875481366921216
5270916573524295606033448960
5270916573519794205429334016
5270916573519783210313056256
5270916573519783201723121664
4963849415337667391344607488
4963849415337678386460885248
2535388243115471056293985259520
158533696281006529461000081408
2535388243115471056431424212992
2535388243115471621580400889856
2535388243115475559893612630016
5270916578149483619192930304
158775481449536637706684334080
2535311476330537222155911823360
158466600902607094349593313280
2535311476330537213359818801152
158466600902607085553500291072
2535311476330537215558842056704
158466600902607087752523546624
158466600902607094358183247872
2535311476330537222164501757952
2555108243741644264519575273472
38074080331086467956736
386856262276681335905976640
89460805799387738281082900
158466600897995399535609774084
2535311476325925527341928284164
24759405248617412815258386436
2535311476325925527478830366724
4952364620051328416872398852
2540253565076510131410278809604
562949953421332
158456325028817468513193033748
4503599627370516
2535301200456463306593033781268
158456325028533178786715271188
5066549580791828
293296925732503572
22553216868679700
2535301200456481356210275090452
22553354307633172
5261245166962868367344533572
2535311476330537213359818801156
158466600902607085553500291076
2535311476330537215558842056708
158466600902607087752523546628
158466600902607094358183247876
2535311476330537222164501757956
2535311476330537213360355672068
158466600902607085554037161988
158456327389711954039665590272
158456327389711916656270245888
158456327389801988648817655808
158456325028528677420470895616
158456325028528675221447640064
158456325028533178821075010560
158456325028533222801540121600
5270916573524295597439385616
158456325028528710405819728896
158456325028551228403956581376
77371252455336267181261824
77373613656627284885438464
2535378574070115430278291849216
77373613643081301631238144
2535378574070101884295037648896
2535301200456463306593054753092
2535301200456458805192450638148
4611686018427393028
4629735601308963844
158775481444911440888904876032
5270916573524286801413472256
5242880
11805916207174113103872
77380697188302006538797056
2535378571708914139260654784512
158775481449536637714741329920
5270916578149518803032080384
5270916578131469220150509568
24768472192264522531447246848
2535301202817642044428245795844
2540252960613604836497313234948
4951760157146033503906824196
4951760157146033641345777668
24758800785712109097609854980
24758800785708168585374859268
24758800785707640716714311684
178263365657094761786644627460
2555108241085024889592963137540
2209760673796
2535301200456458805203167084548
37779220093333850292224
37778931862959846064128
2540255378465532287464570355712
2540255378465239553488791273472
77373613638577704688156672
2535378574070097380698094567424
158533698642167252891776057344
158456325028528675187087966208
158456325028529238137041387520
651686574636011039490048
651686579139610666860544
651686579139611203731456
651686862866387728072704
651686863429337211731968
651686574636149082423296
5270916573519783204404330752
158775481444906937291895734528
651686574636013724893184
651686579148406760931328
3060098092585548525867008
651686574636011039490052
651686579148406759882756
651686863429337144623108
651686862866387191201796
651686579139610666860548
651686574636149082423300
651686574636013724893188
651686862866387728072708
651686579139611203731460
2535311476325925527341928284176
3060098092587747549122564
67108868
2336529317892
2199090364420
158456325028528677523617218564
2535301200456458805226856513540
158456325028528675324593963012
4951760157141521099596824576
2535301200456458803027833257988
4503599694479364
158456325028533178924221333508
3060093480899530635350032
2540252960613600335088137015296
4951760157146024701389180928
2540252960613604827694795591680
4951760157141521099614326784
2540252960613600324093020737536
4951760157141523300785065984
2540252960613600326294191476736
24759405248617412812570165312
2540253565076510131407590588480
2555108845547934694706380079168
3060093480899530165587988
158466600897995399535072903188
2535311476325925527341391413268
89460515281182975865192448
4952364638570130253797130244
5270916573519783210313056260
89460805799387738281086976
4963849710485572570696388608
2555117912491581815420306325504
2555117912491581804425190047744
178273037063651676618871537664
4512404314521600
2535301200456463315397720932352
9671406561429437707976704
178273037063656189014591930368
178273037063656180218498908160
178273037063651678817894793216
2555117912491581806624213303296
158466600902607085553500291092
2535301200456463350573498892288
38074084271738289389572
158456938936171448240965681152
158456938936171450439988936704
158456938936175951840593051648
158456325028528677388258639872
158456325028533178788862754816
178263365657094761784498454784
2555108241085024889590816964864
386856262276683534929232196
2540252960613600326292030357504
158456325033158410925835812864
4963849710486135520649809924
77371252455336267718332416
178263979564809590233389596672
178263979564742036238979039232
604462914310914214727680
613907642775252901036032
613907642773191316733952
613907714971522910126080
2535301804919373113907688247296
613907714830647982817280
613908003061161573482496
3060093480899530165583872
158456327408446891072308641796
2379629985543428767748
158456327408158660730516668420
604467521495532038000640
2199023255556
2535301200456458805192429666308
288230376151711748
72057594037927940
158456938936243646572491964420
178263979564809730970877952004
178263979564737534840522407940
158456938936171450442136420356
613907642775255048519684
613907642775287260774404
158456938936171450474348675076
178263979564737534872734662660
613907642775424699727876
613907642775424766836740
2555108241085024887529231351808
2555108241085047968477321625600
2555108241085025450479184773120
2555108241085029962874905165824
2555108241085313117905383063552
2555108241085029391128858722304
2555108241085024889728254607360
4503633987113984
4547614452225024
35218731832320
604462909809513610609664
537134080
158456325028528675187625034752
178263365657094759586011022336
604462909807317275902976
158456929491438484700698510336
178263970120004569099084497920
158456929491438482501675254784
178263970120004566900061242368
4952364620051328414183851008
2555108241085024887391796592640
158765812399533261690635616320
604462909807314671240196
4952364620055867198183310340
24759405248621951596569297924
2555108845547939233490379211780
2535378574070115395094456565764
158533698642185267288138055684
604462909807314604131332
2555108845547934694706396529668
4952364620051328414183851012
2540253565076510131407657370628
4952364638498072487893402624
24759405267064156886279390208
4952364638498072522790011904
24759405267064156921175999488
2379629985509069291520
2535301202836088788502475702272
2555108243464654872900861689856
158456327408446891072308903936
4951762536771506608665788416
2540252962993230309602072199168
4952364638570130081931330564
24759405267136214480317318148
37778931862959846064132
37779220093333850292228
37778936366557325950980
158533696280984013653293663232
2535311476621073434719767494656
158466601193143306913448984576
158466601193143867664379150336
178273037358799583997247881216
24768472487412429909756477440
9671701704824411773992960
2535378574070115430278312755200
77373613656627284906344448
2535301202817642081811645333504
2361183278818238922752
2535301202817642044428249989120
2361183241434843578368
604481356551388380791828
604481356551388313682964
24759405248621916412198322176
2555108845566381438780106081300
4952364638498072487893402644
2540253565094956875481366922260
24759405267064156886279390228
77371252455347270887407616
77371252477854273907982336
77371252455336275771129856
158533696280984022457975308288
158533696280984011462859030528
2535378571708936657267314393088
158533696281006529460995883008
2535378571708914139269177540608
2540252963048858772199352565760
4951762592399969205946155008
2535380989560553368519473893376
11879991413845170126848
5261247528150611204918738944
604462986368680051343360
604462909807486386044928
604462914346270385504256
158456325323676580366440792064
158456325323677143316394213376
2535301200751607271122712723456
295147907378376146944
77371547603243645557342208
2535301200751606710371782557696
158456325323676582565464047616
4951760452289428477972643840
4951760452289426278949388288
4951760452289989228902809600
79826883026430819154526208
3022314549036573003939840
4951760161753207118024212480
2540252960618212010111430623232
651981722541193077719040
3060388629367659471835136
651981722541190392315904
651981727053586112708608
651981723104140345737216
651981727044790019686400
651981727044790623666176
5261245466722459565124812800
178263365956854913733207588864
24758801085467759645716185088
158765810338110174403546382336
299760154147733700608
2535378572008674293408321306624
5261245466723020316054978560
2555108241385072711164747644928
158765810338109611453660069888
5261245466722457366168666112
651981722541190392315908
651981727053586112708612
651981727044790019686404
651981723104140345737220
651981722541193077719044
651981727044790556557316
396527668833598377897754624
396527668856116376034607104
2535301814364106079647448432656
11805916207174129815552
3022683483920246151053316
3022683484480997081219076
5261245166962868367344795648
158765810038350022454836199424
178273037063651678820109389824
24768472192264524732617986048
9671406556919234635501568
9671406556917033464762368
9671406557482182441439232
89460515281182976402259968
4963849419949353410308079616
2535311476330537213360356720640
158466600902607085554038210560
89460515263170776446271488
4963849419949355608861573120
11806276495144302678020
24768472192264533526501654528
24768472192264522531385376768
386858623459922771265716288
396530030016839804663365696
158533698642167252889628835904
158765812399533261691172421696
158533696280984011454806230080
77371252455336267718329408
158533696280984013653292614720
77371252455338466204714048
604462909807314671240256
651981727044790019686420
2535301202836088788502496411648
2379629985509090000896
604462909809513694495812
604462909809513627386948
2535301804919368612507033797700
604462909809513610609732
2535301804919368612507084129348
178263970120004569099084497988
178263970120004569135591719936
24759405248617412846929576960
24759405248617450230324921344
24759405248621916412197209088
24759405248617415011593094144
24759405248621951630929036288
178263979564737532639351668756
158456938936171448240965681172
604462909807314654466068
613907642773053944889364
2540252962993230309602072199232
4951762536771506608665788480
2555108243464654872900861689920
11038066016256
9671406556917033934782464
24768472192264522531917266944
2555117912491581804425727180800
178273037063651676619408670720
2361273454302297325568
2535311476325925527341928284160
158466600897995399535609774080
2361183382309749915648
2361201431892631486464
2535301202817642607515621392384
2535301202817642185303156326400
2361201255970771042304
2361471471948413272064
604462909807315208111184
604462909807315141002320
2535301804919368610308547413072
604462909807315124225104
2535301804919368610308597744720
178263970120004566900598113360
158456929491438482502212125776
4951760161753207118090993664
4951760161753207255529947136
4951760161753356789111324672
4951760161771925204042252288
4951760161753770068044414976
4951760162060014842705608704
2540252960613600335088119189504
2540252960613604836488723304448
4951760157141532094712778752
11879703183468951244800
11879703324206439600132
2555117950270513667382352089088
2535301200456458802993411653632
4701898885902110720
2535301200461070629886761111552
2535301200461071052099226177536
2555108241085029390991419834384
2555108241085024922576164552720
178263365657099271981194346512
178263365657099834931147767824
2555108241085029399787512856592
178263365657099263185101324304
178263365657095322535427375120
178263365657099307199926173712
2555108241085029962874905231376
24759405248621916412201468928
5261245171574554385772183552
158456325323676580366977859584
2535301200751894938549448081408
4701898885902106644
4701898748463153172
2535301200461160701741869563924
2555108243446208128827151876096
178263368018282504620460736512
2555108243446212632426779246592
178263365657094759586010760192
178263368018278001020833366016
4701758010974797844
2535301200461161123954334629908
158456325028528710405819793408
158456325028528677420470960128
158456325028533222801540186112
4629700425593913348
2535301202817642046627319382016
178273037068263362637836058624
2535311476330537213360355672064
158466600902607085554037161984
9671411186617450871652352
24768472196876208550344654848
2555117912496193490444154568704
9671411168603052362170368
2540253565076514670191589785600
9671406556917036083052800
178263368313425906200186454016
2555108243741644264382656675840
2540252960613600324093003235328
24759405248617412813111165952
613981717979862306652160
613981429749486691811328
2535301814437888552342659268608
613981429749348783095808
613981717979862373761024
2535301814437888693079610753024
613981430453036157763584
613981429890086204342272
613981430453036224872448
613981718542674888228864
158775481444906937291895734276
5270916573519783204404330500
77371252455338468369764352
604462909807314654461972
2535301804919368610308060872724
4503599644148992
2535301200456463306593050559744
2199040034048
2535301804919368610307994812672
2555108845547934694706380800256
158456929491438482501676302592
4952364620051328414184898816
2540253565076510131407591309568
178263970120004566900062290176
604462909818309704679680
2535301804919368621303111090432
2555108845547934705701497078016
2199024566528
613981429890223643295748
2535301814437888693217049706500
613981717979725404569604
2535301814437888552342659268612
4951760157141521100200476752
2361273454164875153408
2535301202817732257158281564160
2361201291052080697344
2361201255833348870144
2535301202817660058826755280896
2361273313461746536448
2361183278852594470912
2361201431755209314304
2535301202817660234748615725056
2361183382172327743488
10995116277760
2361273454165395243008
2361274017115348664320
2535301202817642044428765888512
2361471471811511189504
2361472034761464610816
2361201255833868959744
2535301202817660058827275370496
2361201818783822381056
2361273313427906887680
2535301202817732679371266719744
158456938936171450474348675072
9671406556917033934782528
158775481444906937289747464256
24768472192264522531917267008
178273037063651676619408670784
5270916573519783202255798276
5270916573524286801883168772
9671411168605250848555072
178273037068263364836322443328
24768472196876210748831039552
158775481449518625506661236800
2535388243120082744511436161088
4629735773174759428
4611686155933450244
4611686190293188612
613907642775255049568256
178263979564737534840523456512
158456938936171450442137468928
2535304222771007839566343180288
3022314549599522957299712
613907642773056563183616
2535301814364101576049969594368
178263979564737532642037071872
158456938936171448243651084288
3022314549036572936769536
158456336834444882396114321412
11805916207209026420740
11805916207209093529604
604462909807317275901956
2555108845547934694709068300292
158456967565518813588227096576
3022319160724790387412992
2555108241085024898395565723648
2555108241085024887400449445888
34359738372
35218731827204
2233382993924
72057628397666308
613907642773056563183620
2535301814364101576049969594372
158456938936171448243651084292
178263979564737532642037071876
3022314549036573003878404
2379702183840075223040
2535301202836160986833481633792
2379629985543445549056
2535304222771007839566343180292
2535301200461070497816520949760
2555117912496193499239710457856
178273037068263371433391947776
9671411168611856507994112
9671411186617458924453888
158456325033140370010202439680
2555108241089654622993105551360
2555108241089636573410223980544
2555108241089636617390689091584
4629700425530998784
2656335650215950286852
2555108243741644264519558496260
4512404310332672
178263365661706445604438148096
2535301200461070489012370670592
2535301200456459366080798789632
2535301200456463869680426160128
24768472192264533526496477184
24768472192264522531380199424
158775481444907502438187073536
158775481444906948292916609024
5270916573519794205425205248
5270916573519783201718992896
158775481444906937289210396672
396527668834163518280368128
396527668833600568326946816
396527668833598369303691264
5270916578131471419169636352
158775481449518623307637784576
2535388243120082744511435964416
9671411168605250848358400
158775481449518625506661040128
24768472196876210748830842880
2555117912496193492642640756736
178273037068263364836322246656
5270916578131469220146380800
2535388243120082742312412708864
2535388243410618963672361598976
4951760157164179835758575632
2540252960613622982829164986384
4951760157164742785711996944
4951760157146587649714159632
4951760157146024701438459904
4951760157141523300834344960
2361183241435359744000
24768472192265087817795764224
2555117912491581806763799740416
2540255378465532287327668273156
4954178009074047284215283716
178263365680225249470672011264
178263365680225247306008494080
2555108241108083352702661165056
2555108241108083317483929337856
2555108241108083319682952593408
2555108241108083352668301426688
4963849415337667391881740288
386856262276683534929494016
2361183241435359740160
2535301202817642044428766150912
158765812399533261691172421888
77373613638577702540935424
2535378574070097380695947346176
158533698642167252889628836096
396530030016839804663365888
386858623459922771265716480
2199024567552
2535301200456458805192430978304
2535388243115471058495223107584
604467521502137697699072
158456929496050177324785599744
158466600902607094358183249152
2535301804923980305131104109824
2361183241435359477764
2535301202817642044428765888516
2361471471811511189508
158456327389711916622447378436
178263368018278001020833366020
2540252962974783565528362385412
2555108243446208128827151876100
4951762518324762534955974660
2361183241437506961412
2535301202817642044430913372164
2535301202817642044428245794816
2361183241434839384064
2535301202817732257158281560064
2555108845547934696907551539200
2535304222771007839566343176192
3022314549036572936765440
3022314549599522890186752
3022314549047568053043200
2535304222771007982640293740544
2535304222771007850561459453952
2535304222771007839703782129664
2199024566272
604462909818309704679424
38074080331086535065600
5261245166962866168321278036
158765810038350020255812681812
4951760157430314425701629972
2540252960613888554469154619412
4951760157146024699223867412
2540252960613604827692630278164
2540252960613622877275511848980
4951760157164074282105438228
4951760157164179972660658196
2540252960613622982966067068948
4951760157146587649177288724
4951760157429751475748208660
2555108845547934694706917933056
22518041103306752
42966454272
4512438686846976
5270916573519783201723121924
77371257085036692707999744
158533696285613711879795900416
2361273313599168708608
2361183241606621298688
2361201291189502869504
158533698642185865421926760448
158533698642185302471973339136
158533698642171756488719138816
386858623477937169242324992
604462910511002029129728
604462914486836075167744
604462909807314587353088
2535301804919368610307993763840
158456929491438482501675253760
604462910370264540774400
2535301804919369173395386138624
2535301804919368751182921072640
2535301804919373289829481578496
2535301804919373712041946644480
2535301200456463447467961094144
178263979564737532639351668800
9671406561983582978506768
2535388243115476122843566112784
158775481444911449684930789392
158775481444912003838791188496
5270916573524849751299784720
2535388243115471056293985320976
9671406556917033397714960
158775481444906937289210396688
24768472192264522531380199440
396527668833598369303691280
158456325051659162907622506500
5270916578149518803027951632
2535388243120100756710922190864
9671411186617450334584848
158775481449536637706147266576
24768472196876208549807587344
2555117912496193490443617501200
9671411168603051825102864
178273037068263362637298991120
2535304222775619534380863586304
4954178013392438575396814848
2540255378469851241568803225600
2535301212336166490062538670080
11879707687069199368192
11879707687069132259328
24758800785707607699153223684
24758800785712109099757338628
604467521493333014741248
2535301804923980296326421152000
158456929496050168520102641920
604467521502137697698048
2535301804923980305131104108800
178263970124616252918488629504
4952364624663014432611238144
2540253565081121817426017648896
2336479249728
2199040296256
2535301200456458805192446707008
2199023519040
37778931863095204642816
2535301200456458805192497038656
158456325028528677386111419712
2535301200456459368279822106624
2535301200456458943868333785088
2535301200456459366080798851072
651686574636011039555584
140874927374336
2336462274560
11132555296768
143073950629888
137439019008
176059299463168
651686863429337144688640
651686862866387258376192
2535301200461070497850943602692
2535301200461088503453360062468
2201237848068
2535388243120100756711459258368
158456325028528677388325748740
2535301200456458805194644258820
2338676801540
4951760157141523436125814788
4951760157141521237102559236
4951760157146024836729929732
4951760157141521099663605764
4503601841963012
2535304222844794815861181386752
2535304222844794815999157211136
604467521502129107763460
2535301804923980305122514174212
158456929496050177316195664132
178263970124616261714581651716
4952364624663023228704260356
2540253565081121826222110671108
77380697188302006471688192
77371252455336267181264896
2540252960613600324093002977280
2555108241085024887391792467968
4951760157141521099596566528
67178496
5261245166962866168321347584
158456325028528675187087970304
35356170850304
11003706281984
2555108243446208128826615005204
2555108241089636573410219851792
4629700416936939520
2535301200461070489011900977152
77371257067022285608652800
77371252455338466205761792
158456325323676582565463982080
295147907378376081408
2535301200751606710371782492160
2535301200751607271122712657920
158533696280984013653293662464
2535304222845083046237333098500
24768472192264522531380133888
2540252960613604836497317429248
4951760157146033503911018496
24768472192269026131007504384
24768472192264524730403389440
24768472192269034927100526592
24768472192264522668819087360
24768472192269589218399879168
24768472192269589080960925696
4951760157141532103306903552
77373613643081303796486144
2379629985509069029376
2535301202836088788502475440128
158456327408446891072308641792
2379702043103106957312
2535301202836160846096513368064
158456327408230718290194857984
2379990836429212090368
2379990273479258669056
2540252962993230309602071937024
4951762536771506608665526272
2361183243676812312580
2535301202817642046670218723332
2361183241469199122436
2535304222771007839703782129668
2535301202817642044462605533188
16778244
2535301200456458802993423188996
158456325028528675187104678916
4503599644148740
2535301200456463306593050559492
2535301200456458813988522688512
77373613656592101050155008
2535378574070115395094456565760
158533698642185267288138055680
77373613643081302168043520
2535378574070101884295574454272
158533698642171756489255944192
77373613638577702540673024
2535378574070097380695947083776
158533698642167252889628573696
2540252960613600324230441861120
2540252960613622982966067068928
2540252960613600464967930216448
613907642916127828344832
2540252960613604977363650609152
158456365463796188358589284352
2540252960613888554606593572864
2540252960613604827830069231616
2540252960613600326429465116672
4951760157164179972660658176
5270916578131469220150509844
2535301200456458838177849802752
2535301200456463350573570195456
2535301200456458802993477713920
2535301200456463306593105084416
158456929491438482502279237712
178263979564737532639888539728
2535301200456458805192500969472
4951800592409034271097880580
4951800592409034272708493316
158456365463796188360199897092
158775481444911440888838816000
158456325028528677386111156228
158456325028600732781125828612
79789473029446999788814336
178263365657095322672866263040
4952364620051328414183916544
24759405248617412812569904128
2555108845547934694706379817984
2540253565076510131407590327296
604462909807314587419648
604462914310914218984448
328704
2535301200456458802993406739456
2379702043136929824772
2555108845547939198306011382784
4963849415337667391343624192
89460510651493562634534912
89460510651482558928322560
4952364638570130081931396096
24759405267136214480317383680
4963849415338232540320301056
89460510652047707904999424
4963849415337678386459901952
24768472192269026131008618496
178273037063656180218500022272
2361472034760927739904
2361183382172310962176
2361183945122264383488
4951760157141521099663675408
2540252960613600324093002977296
4951760157141521099596566544
4629700425526804480
2535301200461088503418933215232
2555108241089636575609243041792
2555108241089654587808729268224
2555108241089655150758682689536
2555108241089636617390684897280
89460515263170776378966016
4963849419949355608794267648
89460515263168577355710464
4963849419949353409771012096
4963849419949362205864034304
4952364638498072487893468176
24759405267064156886279455760
2555108845566381438780089369616
2540253565094956875481299878928
604481356551388296971280
158533696280988515064633884672
77371252459839877545984000
2535378571708918642870952394752
77371252455338476941869056
2535378571708914141470348279808
158533696280984013664029769728
5261247528146107603685212160
2555117912491581806624213303300
178273037063651678817894793220
178273037063656180218498908164
2555117912491581804562629001220
2555117912491874538538408083460
9671406556917041987584004
8594128900
2535301200456458803002000539652
158456325028528675195682029572
79826883026430683863056384
77371252460402816829095936
77371252455899217201725440
77371252456039954690080768
77371252744129593353437184
77371252459848834767388672
77371252455901416224980992
2535378571708919214606328528896
2535378571708918642860282085376
2535378571708914139260654714880
651981722541190392381440
651981723104140345802752
651981727044790020800512
651981727053586112774144
651981722541190459490304
2535301200456458802994010391808
2379702043103106957316
2535301202836160846096513368068
2379990273479258669060
2379990836429212090372
178263368036796802688580845572
158456327408230718290194857988
4951762536771506608665526276
2540252962993230309602071937028
2379629985509069029380
2535301202836088788502475440132
11805988264768167809024
2535301202836088788501955346432
2379629985508548935680
2535301202836088964423815790592
2379630161430409379840
2379702043136946601984
77373613638577702540673028
2535378574070097380695947083780
158533698642167252889628573700
77373613638577704688156676
158533698642167252891776057348
2535378574070097380698094567428
77373613643081302168043524
2535378574070101884295574454276
158533698642171756489255944196
77373613656592101050155012
77380697188445080422191104
158533696280984011454269424704
77371252455336267181524032
2361183241434822934592
2535301202817642044428229345344
158456327389711916621910835264
77373613638577702004129856
2535378574070097380695410540608
386858623459922770728910912
396530030016839804126560320
158533698642167252889092030528
2540252960613600324093003956308
2555108241085024887391793446996
24758800785712109099825496064
24758800785707607699221381120
2379629985508532486208
2535301202836088788501938896960
178263368036724745094006374464
158456327408158660695620386880
5261247546592851676853764160
2540252962993230309601535393856
4951762536771506608128983104
2555108243464654872900324884544
2535311476621073432658720063488
9671701993052589439320064
2535311476621361663034334904320
158466601193143304714962599936
2535311476621361662897432821760
158466601193143867801818103808
2535388243410907191850026926080
2535311476621073432520744239104
2535311476621361662896895950848
158466601193143304714425729024
9671406556917034001891328
604462909807452043150416
604462909807314604196944
2535301804919368610308010607696
604462909807314587419728
2535301804919368610308060939344
178263970120004566900061307984
158456929491438482501675320400
4951760157146033495316955136
4951760157146068679689043968
9671411168603051825037588
158456325028528677388258643968
11879703183468968087552
2535301212336161986462374498304
158456325028533178788862758912
137455731968
16778496
2535301200456458802993423189248
562950574179584
83887360
4503599711257856
2199107142912
4963849415337667391343624208
89460510651482558928322576
553649408
2555108243446208694113030635520
536871168
2535301200456458802993943281920
158456325028528675187624771840
2555108241085024887392329269504
4951760157141521100133368064
178263365657094759586010759424
4952364620055832013815481344
2540253565076514635007221892096
77380771263508677461606400
77380771264071627415027712
77380771263508677528715264
24758800785712109097609920528
24758800785708168447935971344
24758800785707640682354638864
24758800785712680843656364048
24758800785712153078075031568
2535311476621361662897432821764
158466601193143304714962599940
2535311476621073432658720063492
2535311476621361663034334904324
4611686018511275264
4611686018444166400
4951762592111738829257637952
2540252963048570541822664048704
2535301200461070489011850577152
89460515281182975865192464
4963849419949353409771012112
2535301202909875764796777103424
158456929491438493496792580352
4952364620051339409301176576
2540253565076510142402707587328
178263970120004577895178567936
604462914319710308794624
2535301804919373122703715205376
2555108845547939207102101192960
4952364620055840809905291520
2540253565076514643803311702272
604462909807314588401920
16778500
2535301200456458802993423189252
4512395737171204
2535301200456463315389143581956
79789108706253742981513216
2535380989565165056736387923968
178263368018278001022980849664
2555108243446208128829299359744
4100
2535301200456458802993406414852
288230376151715844
4503599627374596
360287970189643780
2199023259652
140737488359428
4512395720396804
178263970124616252919026548992
3022319160722591364153600
2535304222775619525584770564352
3022319160731396047110400
2535304222775619534389453521152
2555108845547939207102101192704
178263365657094761784498454528
2555108241085024889590816964608
2555108845547934694706380800000
178263970120004577895178567680
2555108845547934705701497077760
4611694814537188612
2535301200461070497807943599364
178263970120004566900062289920
2370822012928
35356170846208
77371252455336275771129860
2535378571708914139269177540612
158533696280984011462859030532
77371252477854273907982340
2535378571708936657267314393092
158533696281006529460995883012
2361187745035053957120
2535301804923980305122514173952
158456929496050177316195663872
4611688217450905600
2535301200461070491210857316352
158456325033140363404538806272
4899918593602617344
3022319160731387457175812
2535304222775619534380863586564
2535380989560553368518937088000
79789104094565525530677248
4503599628488704
2535301200456463447331059007504
5261245166967369767949766656
2540255378465239553351352389632
2540252962974783602911225054208
2535311476325926092627807109120
158466600897995410530189246464
2535311476325925538336507756544
158466600897995399535072968704
2535301202817642044428233212928
9671406556917033397977088
24768472192264522531380461568
2555117912491581804425190375424
178273037063651676618871865344
295148468129306247168
158456325323677143316394147840
2535301200751894938686349901824
158456325323677143453833101312
295148468266745200640
2535301200751607271260151611392
4951760452289989228902744064
2535301200751606710373929975808
295147907380523565056
158456325323676582567611465728
2361187745034986848272
2535301202817646548028393259024
178263368018282504620460736528
158456327389716420222074748944
2555108243446212632426779246608
4951762518329266134583345168
2540252962974788069127989755920
536871952
178263365657094759586010760208
158456325028528675187624772624
77371252455336267197973508
158533696280984011454285874180
10995117330432
2361274017115415773184
2361183241435426586624
2361183241572865540096
158456327389711916622514487296
4951762518324762535023083520
613907642775424699727872
604462914346270385508352
604462909807486386049024
604462986368680051347456
2535301202817642044428832997376
158765810038355095601486561280
158765810038354523855440117760
4951760161753207255529947140
2540252960613600324093539778816
2535301804919368610310749421572
2555108241085024889601620185088
158456325028528675221447639044
158456325028528677420470894596
158456325028600732815485566980
24768472196876208549807849472
2555117912496193490443617763328
178273037068263362637299253248
2555108243741356034005968158784
2656331146614175760448
178263368313425906199649648704
2555108241385072709103163277312
178263365956854913870646476800
2555108241385072711164747579392
79826883026428482692317184
79826883026430819221635072
2555117950270513667382351757312
2540255416244171416308514029568
5261282945894729125482987520
37778931862957161709568
386894041208544293067685888
4954215787712613315107618816
37779220656283266842624
79826883030940887002644480
3060098092585548525862912
3060098092587885055180800
158456325028533178821091786752
178263365657095322672883040256
158456325028528675221464416256
2555108241085024922610541002752
604467521493333551874048
2535301804923980296326958284800
178263970124616252919025762304
158456929496050168520639774720
4952364624663014433148370944
2555117950270518179778072215568
2555117950270802038495991889936
79826883026428482692382736
2555117950270513667382351822864
2540255416244171416308514095120
3060098092585548525928464
79826883314658858844028948
2555117950270801897758503469076
2540255416244459646684665741332
2361201255970771046400
72198332063154176
288230376688582656
5207287606018048
4644337652596736
23080948627144704
22693920534167552
72761282016575488
4503600164241408
2535301200456463306593570652160
178263365657099263185638129664
604481428608982871965696
2555108845566453496374664364032
604481716839359023677440
604481717402308977098752
4952364638570130082468462592
2540253565095028933075874873344
24759405267136214480854450176
604481356553587320422400
2555108845566381440979112820736
4952364638498074686916919296
158456325033140361239891804160
158456325033230433232439214080
2535301200461070533026675425280
4611730033269014528
2535301200461088503453309730816
4629700459903320064
2535301200461070489046210314240
158533696285595697507609870336
79826883026428483229450304
2555117950270513667382888890432
2540255416244171416309051162688
5261282945894729125482987584
37778931862957161709632
5261282945899232725110423616
37778936366556789145664
5261282945894729128167342144
37778931862959846064192
37778936366556789080132
2540255416244171418507537285188
2555117950270513669581375012932
79826883026430681715572804
5261282945899232725110358084
5261282945894729125483053136
37778931862957161775184
386894041208544293067751504
2540255416244171416308514095184
4954215787712613315107684432
2555117950270513667382351822928
158456967270370345458837028944
79826883026428482692382800
5261282945894729126019858512
37779220093333850292304
79826883026428482693365844
158456967270370345458838011988
2555117950270513667382352805972
37778931862957162758228
4512438686842884
2535301200456463315432093253636
83886084
158533696280984013689816350724
2233399771140
2535301200456458805226806181892
34376515588
2535301200456458803027782926340
42966450180
2535301200456458803036372860932
4611694857470083072
158456325028528675187625034048
2555108241085024887392329531712
4951760157141521100133630272
2535378571708914141459611124032
158533696280984013653292613952
5261245166962868367344795968
386856262276683534929494336
2540252960613600326292026425664
79827178174333662045143040
5261283241042636503859068928
5261283241042634305372684288
4954216082860518494460510208
4954216082861081444413931520
79827178174896611998629888
3060388628804709451366400
3060388629367659404787712
38074079770337686323200
4954216082861081444413865984
4951762518324799917814513664
2540252962974783602911220924416
2361183278852577755136
158456327389711954039665655808
178263365657094759585473954816
158456327389711916621910573056
79827178174333662045208592
158456967565518250638189854736
38074079768136514600976
4954216082860518494460510224
386894336356449472420577296
5261283241042634304835878928
3060388628804709451366416
38074084271736141971472
3060388628804709451300884
5261283241042634304835813396
386894336356449472420511764
4954216082860518494460444692
178263365657099271989784215552
2555108241085029399796102725632
4611694857486860292
2535301200461070497850893271044
158533696285595697507609870340
4611686052803903492
3022388624243244463816704
2535304222845083046237870227456
2535301200461070489046210314244
4629700459903320068
3022388336015066799538176
2535304222844794818060205948928
79827178174333662582276160
158456967565518250638726922304
38074079768137051668544
4954216082860518494997577792
386894336356449472957644864
5261283241042634305372946496
38074079768136514535488
38074084271736141971520
38074079768139198890048
38074084271736141905988
604555143529882158628864
604555431760258310340608
5261283241042636503859068996
386894336356451671443767364
396530030016839804663365632
2535301805011602332875565039616
38074079768136514601040
5261245166962866171006685184
38074079768136514535508
77371257427310393237176324
2535301200751606710373929975812
158456325323676582567611465732
4951760452289428480120061956
158456325323676582565463982084
295147907378376081412
2535301200751606710371782492164
4951760452289428477972578308
295148468129306247172
158456325323677143316394147844
2555108241108083352702677942272
613907642775287277555712
613907642773054414655488
2535301814364101576047351304192
613907642773053877784576
613907642773053894561792
2535301814364101576047300972544
2535301814364102141196327981056
613907642775252901040128
613907642915990406172672
2535301814364101718983812583424
24758800808766037789142679552
24758800808766070774491512832
24758800808766070808851251200
3060098092594344618885380
5261245166967369767948718144
4503599694549056
4503599627440192
613907714971385404067844
2361201431892631490560
4701898749000024064
2535301200461160701742406434816
4701758011511668736
2535301200461161123954871500800
4630263367427162112
2555108241089654587809266139136
4611686027554193408
2535301200461070489020960604160
4611686018964258816
2535301200461070489012370669568
2361183241434822934784
2535301202817642044428229345536
158533698642167252889092030720
158765812399533261690635616512
77373613638577702004130048
2535378574070097380695410540800
396530030016839804126560512
386858623459922770728911104
4951762518324762535023083524
2361183241435426586628
158456327389711916622514487300
5270916868668251468480906240
158775481740054842468579935232
158775481740055546156021711872
2535301202817642044428832997380
2361183241572865540100
386894041208544293067686208
386894041213047892695122240
386894041208544295752040768
604462909807315124486208
2535301804919368610308530896960
4952364620051328414720983104
24759405248617412813106970688
3022314549036710442827776
2540253565076510131408127393856
2555108845547934694706916884544
23130487858040668160
24768472196876252530272632832
23058465448374829056
604467521495532038258752
2555108845552546382923830657088
2535301804923980298525444669504
4952364624663016631634755648
2540253565081121819625041166400
24759405253229101030020743232
5261283241042636506006552576
5261283241043197254789234688
158533696280984011454269161728
2540252960613600324093002973440
67174656
158765810038350020255812747520
2535378571708914139260587671808
386856262276681335906042112
158533696280984011454270144596
79827178174335863216931072
3060388628804709452349696
38074084271738290438400
3060388628815704568627456
2535301203131236693681291722816
2555108243446212632426779246596
158456327703306565874973212736
9671701704824411775041536
2535301814437888552342122401792
2535301814437888693217049710592
2535301814437888693079610757124
613981717979724867702788
613981429890086204346372
2555108241085024887392329535488
537137152
613907647276654042021888
2535301814364106079647448432640
178263979564742036239515910144
158456938936175951841129922560
613907642773054414651392
2535301814364101576047821062144
2540252960613600324093540044800
2540253565076510133606613516288
4952364620055832013811220480
4952364620051328448543588352
4952364620051339409300127744
2540253565076510142402706538496
4952364620055867198183309312
2540253565076514670191589720064
4952364620051365831938932736
604462909809515758092288
2535301804919368612509164503040
9671411168611856507994116
9671411186617458924453892
2555108845547939198306007121920
2555108241085024889590815916032
77371252455336267718066432
2555108241385072709103163277316
23130487857973559300
83886100
16777236
137455730708
77371252455336267265081364
2535301200456458802993423187988
77371252455336267197972500
2535378571708914139260604383252
5261282945894729126019858432
5261282945895294274459664384
5261282945899232727257841664
2555117950270513669718813966336
2555117950270513669583522496512
604462909807315124486144
386894041209109442044362752
386894041213047903432474624
2540255416244171418507537285120
4954215787717116915271860224
2535301804919368610308530896896
604463198037691276197888
178263970120004566900598374400
158456929491438482502212386816
4952364620051328414720983040
536870916
2535301200456458802993943281668
79826883026428482692317188
2555117950270513667382351757316
2540255416244171416308514029572
5261282945894729125482987524
386894041208544293067685892
4954215787712613315107618820
37778931862957161709572
79826883030940887002644484
2555117950270518179778072150020
37778936375352882102276
35218748604416
2555108241085024887529248129024
178263365657094759619850403840
2535301200456481356210291867648
22553216885456896
2555108241085313117905399840768
2535301200456458803027782926336
158456325028600732815502344192
178263365657166817213888331776
2535301200456458838212155015168
4611686018444165140
2535301200461070489011850575892
79789104094567724555174144
2535380989560553370717961584896
79789104094565526068789504
2535380989560553368519475200256
24759405253229098831534358528
2540253565081121817426554781696
2555108845552546380725344272384
604467521495532038258688
2535301804923980298525444669440
178263970124616255117512146944
158456929496050170719126159360
4952364624663016631634755584
24759405253229101030020743168
2540253565081121819625041166336
79826883314658859380899856
2555117950270801897759040339984
2540255416244459646685202612240
5261282945899232725647228944
386894041213047893231927312
2540255416244175919908678270992
4954215787717116915271860240
2555117950270518170982515998736
37778936366557325950992
79826883030932082856558608
2555117950270801897758520311808
2540255416244175919908141400084
2555117950270518170981979127828
79826883030932082319687700
5261282945894729125482987540
37779220093333313421332
386894041208544293067685908
563121752442176
171799020864
158456325028528675221447968064
34360067392
5261282945894729128167342080
158456325028528710508899008512
158456325028533222904619401216
2535311476621361662897433083904
158466601193143304714962862080
604758057714692964745216
604758057712494477312000
2535311476621073434719768805376
158466601193143306913450295296
158456325028533178787252142080
5066550117662720
158456325028533741737205563392
2535301200456463869543524073472
22517998673723392
2535301200456481320992080134144
2535301200456531001325469564928
2535301200456463447331059007488
2535301200456481496913940578304
2535301200456481919126405644288
2361183243633845927936
2535301202817642046627252338688
158456327389711918820933828608
5261245166962866168388456528
2535301805232963261760079659008
178263365680225249470672011268
2555108241108083352702661165060
178263365680225247306008494084
178263368018278001020296495124
2540253565094956877680323330048
24759405267064159085302906880
2555108845547939198306543992848
4612389705869230080
4629700416936935424
2535301200461088503410343346176
4630263366890356736
4629735601309024256
2535301200461088538594715435008
2535301200461088679332203790336
4629876338797379584
2535301200461089101544668856320
2535388243115471056293985583104
4629700417473740804
2535301200461088503410880151556
178263365661724460002947629060
158456325033158375604561641476
158456325033447168930666774532
4630263367427162116
4951760161771221517070237700
2540252960618230024510476648452
2555108241089654587809266139140
4701758011511668740
77373613643081302168043536
2535378574070101884295574454288
4611686052803903488
2535301200461070497850893271040
4611694857486860288
158533698642171756489255944208
2535301200461088503410360057856
4629700416953647104
2535301200461070489011850575872
4951760157141523309361364992
2540252960613600326302767775744
4611686018444165120
3022683483920246152364032
2535301202836088788536902287360
2379629985509136138240
158456327408158660833662992384
4611686018494562576
83887108
2555108243446208128826615009280
4512438670070784
2361183243642435801088
42949678080
22518041086530560
2555108243446208128964053962752
4503599711257604
2199107142660
3022314549036710442827780
2555108243446208694113030639616
2540255416244171416308514029632
2555117950270513667382351757376
79826883026428482692317248
2540252960618212010120573878276
4951760161753207127167467524
77371257085036692707999748
158533696285613711879795900420
604462914310914214724608
386856262276683534996340736
22553182508945408
2535301804919368751182921072644
604462909809513610608644
158466600897995964684116692992
2535311476325925527341391417344
2535311476325925527341928288256
2535311476325925527478830370816
2535301804919368612507017019396
158456929491438484700698509316
604462909809651049562116
604462914310914214723588
2535311476325926092627807047680
2361471471811511451648
386894041208544293604556880
2540255416244171416309050900560
4954215787712613315644489808
37778931862957698580560
2555117950270513667382888628304
79826883026428483229188176
4611686019048144900
2540252962993230309601535067136
4951762536771506608128656384
4954215787712613315108667476
2540255416244171416308515078228
386894041208544293067685972
37778931862957161709652
5261282945894729125482987604
178263979564737532639888539652
158456938936171448241502552068
613907642773054414651396
2535301814364101576047821062148
613907647276654042021892
2535301814364106079647448432644
178263979564742036239515910148
158456938936175951841129922564
4951760161753209317047140352
2540252960618230024509939777536
4951760161753251098488995840
604462909844732359217152
604462914486836091949056
2535301804919373289829498359808
604462909948052092489728
604462909807348963872768
604462986509245757788160
2535301804919445312239164198912
2535301804919368751045498900480
604462909809550134611968
2535311476330537215558842060800
563087392374788
2336462209028
288230513590665220
360288107628593156
2535301200456458803130845364228
2535311476325925527341391417348
2540255416244460209634686272512
4951800297261129093355667456
4951800297545418817753055232
4951800297261129093356716032
4951800297256625491580813312
4951800297545418817685946368
4951800297261129091208183808
4951800297544855867732525056
4951800297261129091745054720
4951800297544855868269395968
4951800297256625491580813316
4951800297261129091208183812
4951800297545418817685946372
4951800297544855867732525060
2535380989560553370720124534784
79789104094567726785232896
4951800297261129091208249360
4951800297545418817686011920
4503634003886084
4951800297544855867732525076
2535301200456463306627410296836
22518041103302660
2535301200456481321034509713412
158456325028528675221464416260
16777220
2535301200456458802993423187972
4951800297261129091208183828
2535301200456458805194593927172
2201187517760
2361183241606621302784
2535378571708914139261124476928
77371252743566643869777920
77371252744129593823199232
77371252532038198871719936
77371252532601148825141248
158533696280988515054433337344
77371252459839867345436672
614276578217478089347072
158533696281060713385959620608
2535378571708918642860751847424
158456327408230718324017725444
4951800297256625491580813376
4951800297261129091208249408
4951800297256625494265167936
4951800297261129091208183876
4951800297256625491580878928
4951800297544855868269396048
4951800297256625491580813396
5261282945899232725647228932
2535380989560553368521638150148
79789104094565528298848260
79789104094565528231739396
2535378571708914139263289786372
2379629987707555479552
2535301202836088790700961890304
4951762536771541792500809728
2540252962993230344785907220480
2379630161567831621632
158456327408447454021725257728
2379702043102570151936
2535301202836161409045929984000
2379702183840058507264
158456325033140370010198245376
158456365463791684758425108480
4951800592404530670933704704
158456365463792247708378529792
4951800592405093620887126016
158456365463792247708378464256
4951800592405093620887060480
158456365463791684758425042944
158456365463796188358052413440
4951800592409034270561009664
79827178174896611998564352
38074079768136514535424
4954216082860518494460444672
386894336356451671443767296
386894336356449472957382656
5261283241042634305439793152
77373613638577702003867648
4951800592409034270561075216
158456365463796188358052478992
158775481740054844667586674688
5270916868667690580095270912
4951800592409034270561009684
158456365463796188358052413460
24758800785707607697006002240
79827178174333662045143044
38074079768136514535428
4954216082860518494460444676
386894336356449472420511748
5261283241042634304835813380
38074084271736141905924
79827178174335863215882244
38074079770337685274628
4954216082860520695631183876
4951800592409034270561075264
158456365463796188358052479040
4951800592404530670933639232
158456365463791684758425043008
4951800592404530673617993792
158456365463791684761109397568
158456365463796188358052413508
4951800592409034270561009732
4951800592404530670933704784
158456365463791684758425108560
295148468266745200644
158765812399533263898248478720
2535301200751607271260151611396
158456325323677143453833101316
158456365463791684758425043028
4951800592404530670933639252
9671701704824411773796352
396527963981503548656517120
396527963982066498609938432
9671701704822212750540800
178273037358799581798224429056
24768472487412427710733025280
9671701705385162703962112
2535388243410618961473338146816
24768472487700658086884737024
9671701993052588902252544
178273037063651678820042276868
2209764868100
2535301200456458805203171278852
158456325028528677396852768772
2555117912491581806763799740420
24768472192264524730403389444
24768472192269026131007504388
38074079768136514535444
79827178174333662045143060
24768472192264522668819087364
38074084271736141905940
77371547603243645557276676
77371547603804396487442436
77371547603804533926395908
77371252455338468419043328
4512533159411712
2535301200461088503453309730820
2535301202817642185303156330496
2535301202817642607515621396480
158533696285667755067271282688
77371257427873206288515072
77371257427310256335093760
77371257139079880183382016
77371257085036684654936064
158533696285613711871742836736
77371257067022294735388672
158533696285595697481823289344
158765810038350020256416661508
158456327408158660833662992388
2379629985509136138244
2535301202836088788536902287364
2379630161430476488704
2379702043137013710848
2379629985508616044544
2379630020727347871744
386894336356451673591250944
386894336357012422373933056
79789104094565525530673408
2535380989560553368518937084160
4503599628484864
2535301200456463306593034895616
158456325028533178786716385536
4951760157146024699224981760
38074084271738290438144
178263365657099263185102373120
5261245166967369767949762816
2540252960613604827692631392512
2535378571708918642860214976532
77371252477854265318047764
2535378571708936657258724458516
158533696281006529452405948436
77371252460402816761987092
77371252532038335773802516
158533696281060713385422749716
2540252960613600324095688310788
4963849710485574769720950784
4611686018428502272
2535301200461070489011834913024
158456325033140361205516402944
158775481444906937289747464192
5261245166962866168862343504
4951760161753207118028079380
2540252960613600324230441865216
2540252960613604827830069235712
2540252960613604977363650613248
2540252960613600464967930220544
2540252960613622982966067073024
5261283241042634304835813440
386894336356449472420511808
4954216082860518494460444736
79827178174333662045143104
5261283241042636506006552640
4954216082860520693483700292
38074079770335537791044
79827178174335861068398660
603980032
2535378572008674293545760194564
604462909807315125534720
604462909809513611919360
2535301804919368612507018330112
178263970120004569099085807616
158456929491438484700699820032
4952364620051330613208416256
24759405248617415011594403840
2540253565076510133606614827008
613907643336003898314752
613907642775424699731968
613907642773191316738048
613907642916127828348928
613907714830647915712512
158533696280984011454805966852
77371252455336267718066180
2535378571708914139261124476932
77371252743566643869777924
77371252455336269865549828
2535378571708914139263271960580
158533696280984011456953450500
77371252459839867345436676
158533696280988515054433337348
158533696281060713385959620612
158533696280988523884366004224
158533696280988515090420465664
158533696280984022483761889280
158533696280984011488645611520
158533696280984013689816350720
158533696280988515053913243648
158533696280984011454285873152
158533696281060713385439526912
158533696280984152191774228480
158533696280984013653309128704
3022319160722591901286400
2535304222775619525585307697152
83886144
16777280
2535301200456458802993423188032
2535301200479589853629601808384
23058993042157469696
2535301200479517831219935969280
2535301200479517233085610459136
23130487686241976320
23058430092204048384
24759405248617412812570886144
23058465276576137216
386894041208544295752040448
613907642773053944893444
613907642773053877784580
613908003061024067424260
2555108241089654587808733528064
77371252455338476941869060
2535378571708914141470348279812
158533696280984013664029769732
77371252459839877545984004
2535378571708918642870952394756
158533696280988515064633884676
37778931862959847112704
3022314549599522957295616
4952364624663023228704260096
2540253565081121826222110670848
4951760161753209317047402496
83887104
2361183243642435796992
2535301202817642046635842207744
2555108241085024887391792399360
3022314549036573003874304
2540252960618212012310453813248
2199107141700
4503599644147780
2535301200456463306593050558532
2199040032836
2535301200456458805192446443588
4951760161771221516533366788
23058465310885543936
158456325051659162907639283712
178263365680225247306025271296
295148468129373356032
4951760452289989228969852928
2535301200479589431417086410752
23130628423680000000
2535301200479517409007420571648
79826883026430683864105216
5261282945899232727258890496
37778936366558937612544
386894041213047892695056640
37778936375352883151104
2540255416244175928704235471104
4954215787717125710829060352
2555117950270518179778073198848
79826883026428485377720576
386894041213047903432474880
77371257085036684654936068
158533696285613711871742836740
77371257139079880183382020
158533696285667755067271282692
5261245166962868367345844480
2535301200456458802994010391568
158533696285667895804239544320
158533696285595697472713261056
79826883030940878412710148
2540253565076510131442017107972
77373613656627284906348544
2361183278818238926848
2361183241434843582464
2361183243642456772608
77371252455336267265082372
77371252455336275775324160
2535378571708914139269181734912
2535388243115471056302575190016
158533696281006529461000077312
158765812399533261691172159488
158765812399551276089681641472
5261247528150611203308126208
158765812399537765290799529984
5261247528146107603680755712
5261247528146107605828239360
158765812399533261693319643136
4951760452289426279016501248
158456325323676580366507905024
77371547603241446601199616
5261245166967378564041736192
4951760157146068679693172736
158456325033140361206052159488
4900479345069391872
4899916395115970560
4629700417473740800
2535301200461088503410880151552
158456325033158375604561641472
158456325033230433198599569408
158456325033447168930666774528
2535301200456463306593033785344
2535301202817642044428766150656
2361183241443970387972
2555108241085029390991419768900
4951760157146024699223933248
2540252960613604827692630344000
4503599694545216
2540252960618230024509944037376
2535301200456463315397720933376
178263365657099271989788410880
2555108241085024887391796593664
4951760157141521099600692224
2540252960613600324093007102976
24758800785707605497986679808
8594129920
2535301200456458803002000540672
4503599631565824
158456325028533187591402423296
620757072
4503771426062340
171798691844
35356170780676
72057765836619780
553648208
2535301200456458802993960058960
24758800785707605498519355408
288793326642003984
288230376688582672
72198332063154192
72761282016575504
2535301200456531001325469564944
72057594574798864
2535301200456531423537934630928
178263365657166817180048687120
158456325028600732781662699536
2379629985509090004992
604462909807314587680768
2535301804919368610307994091520
178263970120004566900061569024
158456929491438482501675581440
4952364620051328414184177664
24759405248617412812570165248
2540253565076510131407590588416
2555108845547934694706380079104
604467521493333015068672
2535301804923980296326421479424
2535311476330537213359819128832
178263970120004566900061306880
2361183243676795536384
158456327389711918863883437056
178263368018278001054656234496
2555108845547939233490379276288
2555108845547939207102100209664
158533696280984011488645611524
158533696280988515090420465668
178263368018278038438051578880
178263365657094759585474215936
77371252455338502728450052
178263368018278001022980849668
2555108243446208128829299359748
77371252455336301557710852
77371252459839903332564996
22694058040229888
72761282083684352
158456325028551791320154243072
23080948694253568
5066550184771584
5207287673126912
603979776
138042933248
4951760157164742785779105792
158456325028528675187691880448
604481356551388297232384
2379990273616160751620
2555108845566381438780089630720
4952364638498072487893729280
2540253565094956875481300140032
24759405267064156886279716864
2361183241435363935232
2535380989560558012993491701760
2535301202817642044428770345984
16777300
137455730772
2555108241085024922576168681472
2535301804919368751045482184704
604462909948052075773952
604462910511002029195264
2535301804919373289829481644032
604462914486836075233280
604462914346098586877952
2535301804919373712041946710016
604462914319710307811328
2535301804919373122703714222080
327680
2361201291017704243216
2535301202817660094011110653968
2535301202817660656961064075280
2361201431755192598544
2535301202817660234748599009296
4951762518329266134046539792
2540252962974788069127452950544
4951762518325325484372590608
158456327389712479571863994384
2361183804384776093712
386894041213047892695056708
386894041208544295752040452
386894041213047893231927300
22518041086525440
42949672960
158456325033140370044557983744
5270916578149483618660057088
2540255416244171416309050900484
4954215787712613315644489732
37778931862959847112708
2361183278990083817472
4954215787717116915271860228
2540255416244175919908678270980
2540255416244459646685202612228
2361183241434889781248
396527963981505747679969280
2361471471811041492992
158456327389711916621977681920
4951762518324762534486278144
158533696280984013653292613696
2535378571708914141459611123776
3022388336012867775299584
2535304222844794815861181710336
4629700425530999808
2535301200461088503418937410560
4611729998896694272
2555108241089636617390689092608
4951760161753251098493191168
2540252960618212054091899601920
2535301200461070489011837993984
178263365661706445603905471488
158456325033140361205519483904
604555143527683135438848
604555431758059287150592
604555432321009240571904
2535301805011602330676541849600
2199040033796
2535301200456458805192446444548
4963849710485574769719705600
89460805799387738281148416
89460805799389937304403968
4963849710485572570696450048
4963849710486135520649871360
89460805799950688234569728
2535301200456481321034560045056
22518006793895936
158456325028551193331320750080
2535301200456458803036423192576
8657043456
158456325028528675333183897600
613907642773053877850112
613907714830647932555264
2540252960613600326292026425344
4951760157141523298620014592
4702461699020554240
178263365661706445613095190528
158456325033140361206119268352
4611686019031367680
4951760161753207118627864576
158765812399533261691172159492
5261247528146107603680755716
158765812399533261693319643140
5261247528146107605828239364
5261247528150611203308126212
158765812399537765290799529988
158765812399551276089681641476
2361183241434822607104
2535301202817642044428229017856
604462909807314587680832
2535301804919368610307994091584
4952364620051328414184177728
4952364620051365831938998272
24759405248617450230324985856
2361183241435359478784
158456327389711916622447379456
2361183241434822607872
158456327389711916621910508544
2361183243633845863424
158456327389711918820933764096
2555108845547934732124134899712
158456929491438484700698574848
178263368018278001020296496128
77371252455336267181261136
158456325028528677386111221760
2540252960613600326292026228736
4951760157141523298619817984
2555108241085024889590815719424
24758800785707607697005805568
10995116343296
2535301200456458813988522754048
158456325028528686182204243968
178263365657094770580590231552
2555108241085024898386908741632
79789104099069125159092480
2535380989560557872118565503232
2540253565081121819625040969728
2555108845552546382923830460416
604467521493333014806528
2535301804923980296326421217280
2535301804923980305122514239488
2555108845552546389520900227072
158456929496050177316195729408
178263970124616261714581716992
178263970124616252918488694784
158456929496050168520102707200
604462909807315124228112
178263365657117312768519701508
178263368018282504620460736516
4951760157141523309373952000
2540252960613600326302780362752
11805920710774344389648
11805920710774277280784
2540255378469851239369780822272
4954178013392436376374411520
613981429749348732833792
2535301814437888552342139244544
2361201291017704178692
158765812399551311273516860420
2535301202817660094011110589444
2361183241434822607876
2535301202817642044428296127492
178263368018278001020296496132
158456327389711916621910508548
158456327389801988614457918468
2361273313427370017796
613907642773054481760256
2535301804919368610308597747712
2535301200456458802994010656768
2540253565076510133608760999936
4952364620051330615354589184
24768472192264522531918315520
2555117912491581804425728229376
9671406556917033935831040
178273037063651676619409719296
178263365657094761784497405952
2540252960613604836488723365888
2555108243464654872900861427712
178263368036724745128902656000
178263368036796802688580845568
158533698642167252889095901184
2555117950270513667382351822848
79826883026430681715638272
2555117950270513669581375078400
2540255416244171418507537350656
5261282945895294274459729920
2540255416244171416308514095104
4954215787712613315107684352
386894041209109442044428288
37778932428106138451968
5261282945894729125483053056
3022314549036573474947072
2535304222771007839566881357824
4952364638498074686916722688
2540253565094956877680323133440
24759405267064159085302710272
604481356551388296970240
2555108845566381438780089368576
604481357114338250391552
4952364638570130081931395072
2540253565095029496025291227136
37778936375352882102272
386894041213047892695056384
37778936366556789080064
5261282945899232725110358016
37779220093333313421312
37778936366557325950976
386894041213047893231927296
5261282945899232725647228928
37778931862957698580480
386894041208544293604556800
158456325028529238137125208064
158456325028600873518698070016
72198331610169344
140737572241408
175921944330240
4644337199611904
83886080
72057628481552384
4503599711256576
23131191373616971776
2555108241108083317483929665536
4951760180199951191733764096
2540252960636658754185140174848
24758800808766035590119751680
158456325051659162873263095808
178263365680225247271649083392
5261282945894729125483053072
386894041208544293067751440
4954215787712613315107684368
37778931862957161775120
79826883030940878412775440
37778936375352882167824
386894041213047892695121936
37778936366556789145616
5261282945899232725110423568
37779220656283266908176
2535301200461070489011833864192
178263365661706445603901341696
158456325033140361205515354112
158456325033140924155468775424
4612248968380874752
2540252960618212010111430361088
4951760161753207118023950336
2555108241089636573410219851776
4951760161753770067977371648
4951760161753251098489061376
2199090626880
178263365657099271989784215556
2555108241085029399796102725636
2535311476330537213359818801408
158466600902607085553500291328
2379702043102570087428
2540252962993230344785907155972
4951762536771541792500745220
2379630020692904248324
386894041213047892695056388
37778936366556789080068
5261282945899232725110358020
37779220656283266842628
37779220093333313421316
5261282945894729126019858436
37778931863095204642820
386894041208544293604556804
37778931862957698580484
5261282945894729128167342084
2535311476621073432520744566784
604758057712493940506624
158466601193143304714426056704
2540252960613604827693167149056
4951760157146024699760738304
4951760157146587649714159616
4951760157164074282642309120
2540252960613622877276048719872
4951760157141521100133367808
2540252960613600324093539778560
2540252960613888554469691490304
4951760157430314426238500864
2540252960613622982829164986368
4951762518324905608369733632
4951762518329266134046539776
604462909807315124228096
613907714830648452579328
613908003061024604291072
613908003623974557712384
158456325028528677420487671808
2535301200456463350607875407872
4547614468997120
158456938936171448241502552064
158456938936243505835540480000
158456325028528675187625037824
34376515584
2535301200456463306627410296832
4503634003886080
2535301200456458805226806181888
2535301805232963259561056468992
2540252960618230024509939777540
2535311476330537222155911823620
158466600902607094349593313540
24758800808766037789142679556
24758800808766070808851251204
178273037063656180218566086656
24768472192269026131074682880
9671406561420633092198400
386894336356451673591251264
2535388243115475559893679804416
2555117912491581804425190117376
22517998153629696
4503599644147712
24759405248621916412734078992
140737505132544
604462914346098586877968
2555108845547939233490379276304
2535301804919373712041946710032
604462914486836075233296
2535301804919373289829481644048
604462914486973514186768
2535301804919369173257947250704
604462909948052075773968
2535301804919368751045482184720
158456929491438482501675319312
158456325033158375604024836096
158456325033158973738350346240
158456325033158410788396924928
613907715534335357550592
613907647285449598238720
158456938936175960636686139392
178263979564742045035072126976
2540252960613600324093003239424
4951760157141521099596828672
77371547603804396554551296
331776
158456325028528675187088232448
2535301814364106088443004649472
4951760161753207118627864580
4611686019031367684
158456325033140361206119268356
2535301200461070489012437778436
178263365661706445613095190532
2555108241089636573419413700612
4611686027621302276
4701898748547039232
4611826755999629312
4629876338881200128
4611686018511273984
4701758045418422272
4629700417020755968
4611730033336123392
4611686052871012352
4629735635752583168
3022683483918047128125440
613981429749348783099924
613981429749348715991060
2555108845552546382923830657024
5261247546592851677390307328
386858623464426370892824576
386858623459922771265454080
386858623477937169774936064
386858623459922773412937728
2540252960613604871673099583488
158456325028533187591402422272
158456325028528677386111419392
2361183241434889719808
67113984
11805988968455659847680
2535301202817660656961131122688
11805916770124133564416
2361183804384843141120
2199090369536
4503599694484480
2555108241085029390991419834368
2555108241085029399787512856576
2555108241085029434971884945408
604462909809515758092292
2535301804919368612509164503044
604462909809550117830660
158456929491438484737205731332
4952364620051330613207105540
2540253565076510133606613516292
4952364620055832013811220484
2540253565076514635007217631236
4952364620051328448543588356
613907642773054481760260
2535301202817642044437376794628
2361183241443970383876
158456938936243646572575850496
613907642915990473277440
613907642773053961666560
613907642775287344660480
77373613638579909621186560
2535378574070097382903027597312
77373613656627284889567232
77373613638577702007996416
2535378574070097380695414407168
604758057712493940506688
158533698642167255096709087232
158765812399537765290262659140
158765812399533263889658544196
2535378571708914139261124476944
77371252744129593823199248
77371252743566643869777936
77371252459839867345436688
158533696280988515054433337360
2535378571708918642860751847440
77371252477854265854918672
2535378571708936657259261329424
158533696281006529452942819344
77371252460402817298858000
604462909807314604131392
2535301804919368610308010542144
37778931862957161709588
5261282945899232725110358036
37778936366556789080084
386894041213047892695056404
4512438753951748
2201254625284
4951760157141523309441056772
2233466880004
34443624452
43033559044
4503634070994948
22518041170411524
4951760157141521108270317572
4503601858740228
77371252532601148892250112
77371252455336267785175040
77371252455336405224128512
158533696285613711879800094720
2379702043274368778244
77371252455336267199021140
77371252455336404637974612
79789104094565525614493780
604462909844732342501376
2361183241469182346240
2361183278852577690624
2361201291052063917056
4629735601308958724
2535301200461088538594715369476
24758800785712153078074966016
2555108241085029390993567252480
2199090364416
22553182576050176
22517998203961344
35184439197696
10995183386624
4547580159590400
562950020530176
77373613638577702003867664
2535378574070097380695410278416
703687508885504
158456325028528675187624771588
288230376688582660
288793326642003972
72057594574798852
158456325028600732781662699524
360287970726510596
360850920679931908
4503600164241412
2535301200456463306593570652164
158456325028533178787252142084
4951760157141523298619756800
73786976294838534144
74075206670990245888
74075769620943667200
2535301202836160846096043671552
2379629985508599332864
24758800785712109097614049280
24758800785707605497986678784
158456327408446891071838945280
2535301200530245779288244944896
2555108241089655150896121643008
2555108241089637145293705183232
79826883026428483229188100
79826883030932082856558596
5261283241043197254789300224
79827178174335861068464128
38074079770335537856512
4954216082860520693483765760
386894336356451671443832832
5261283241042636503859134464
79827178174333662045208576
38074079768136514600960
386894336357012422373998592
386894336356449472420577280
604462909807314654462016
2535301200751894938686366679040
158456325323677143316478033920
158765810338110174403630202880
4951760452289989228902744068
4951760452289989366341697540
24768472192264524732550873092
4951760157141523309361364996
2540252960613600326302767775748
4951760157146024709965479940
2540252960613604827703371890692
178263365661706445603901603840
2555108241089636573410220113920
79789177881544019392331776
2535380989634340347012798742528
4611694857553969156
4611686052871012356
4629700459970428932
604462909809550117830656
2540253565076514670225949458432
2361187745034450042880
360850920679931904
360287970726510592
22553183045812224
2535301200456481356176452222976
293296926269374464
536870912
2535301200456458802993943281664
288793326642003968
562950490292224
72057594574798848
5261247546592851677390307332
5261245166962866168925257732
386858623459922771265454084
386858623464426370892824580
386858623477937169774936068
386858623459922773412937732
2535304222771007982640293806080
2535304222771007850561459519488
77373613643081303779705856
158533698642171756490867606528
3022314549047568053108736
3022314549036572936830976
2535304222771007839566343241728
3022314549179646887395328
604481356551525735858176
3022314549599522890252288
158533696280984013653292417024
2535378571708914139260587671552
77371252455899217134682112
158533696280984152191757516800
77371252455477142108569600
77371252455338603643469824
158533696280984022483745177600
77371252455347434096230400
77371252455347296657276928
2535378571708914279998076026880
5261245166962866168322326612
3022319160724790387474432
2535304222775619527783793885184
79789108706251543958323200
2535380989565165054537364733952
4954178013392436376373624832
2540255378469851239369780035584
4951760157141523300834344964
4951760157146024701438459908
158775481444906937289814573056
5270916573519783202323169280
2535301202836160846095993339904
2379702043102586929152
2535301200461088503453360062464
158456325033158375750120767488
2535301200461070497850943602688
4611694823177453568
158456325033140370147704307712
178263365661725022952431288320
178263365661707017350014828544
178263365661706445603968385024
5261245166967378701480624128
178263970120081128128086278144
178263970120004566934420979712
2540252960613604871673095454720
2535301200461070489020981575684
4611686027575164932
158765810038350020256349552896
5261245166962866168858149120
4951762518324762534419103744
2540252962974783565527825514496
2540252962974788069127452884992
4951762518329266134046474240
4951762518324799917814448128
2535301200456458805194577150976
4503601774855168
2535301200456463306595181265920
4951760157141521099596497920
2540252960613600324093002908672
4611686155866341380
4611826893354696708
4899916532018053124
288230513657774080
360288107695702016
77371252455336267785175044
2535378571708914139261191585796
77371252455336405224128516
2540255416244175919908678270976
4954215787712613315644489728
2540255416244171416309050900480
2540255416244459646685202612224
4954215787713178464084295680
2540255416244171418509684768768
79826883026430681715572736
79826883030932082856558592
79826883026428483229188096
79826883314658859380899840
158533696281060713385506635776
158533696280984152191841337344
77371252459989400473829376
158533696280984011454352982016
77371252459839866892451840
77371252455347296741097472
77371252455336267265081344
77371252455338466288336896
77371252459848697345212416
2535311476325925538336508739840
5270916573519785400743493888
2535388243115471058493009821952
9671406556919232422215936
158775481444906939488234897664
5270916573519783202257109248
2535388243115471056294523437312
9671406556917033935831296
158775481444906937289748513024
178263365680225249470672076800
158456325051659165072286089216
23130489885198188544
158533696285595697472696549376
77371257067022285608648704
77371257067585235562070016
4611694823110344704
158533696285667895804222832640
77371257139220617134931968
77371257139783567088353280
77371257085036684118130688
158533696285613711871206031360
9671406556917041987584256
9671406556928037103862016
9671406561420633025020160
9671406556919232420905216
9671406561429437707976960
137455797264
16843792
2535301200456458802993423254544
4954215787717125710828011524
2540255416244175928704234422276
2540255416244460209634619162628
79826883315221808797450244
79826883026430683863056388
2540255416244171418509684768772
2540255416244171418644976238596
79826883026430819154526212
79826883314658858844028932
2540255416244459646684665741316
158456325033158375750120767492
2540255416244171416446556962816
178263368018278001020296495104
178263365657094770580590167040
178263365657099271981194281984
613907642775252968144896
2540252962974788069127452950528
2535301200456463306593050558464
2535301200456458943730911543296
2535301200456458978915283632128
2535301200456463447330538913792
158765812399533261690639483904
5270916573519783201719255040
158775481444906937289210658816
77371252455336267181527040
23130628423747108864
23058606014081269760
23130487720618491904
23058430092220825600
23058465310952652800
79826883030932082320802048
158765812399537765290799530000
5261247528150611203308126224
158533696285667895804306653184
2555108241085024887394477801472
158533696280984011456954500096
2361183241435359739904
4951760162060014843175370752
4951760162059451893221949440
2540252960618230024510476648448
4951760161771221517070237696
2540252960618212010111967166464
4951760161753207118560755712
9671701993052589439057920
178273037359087812174912946176
9671701704822213287346176
158456325028528675187087904768
24768472487700658087421542400
4512395720396800
24768472487412427848708784128
9671701704822350726299648
2535301200456458805192429670400
2535301200461160701741886341120
4701898748479930368
158765810038350020255813009472
77371252455336267181523008
2535378571708914139260587933760
5261245166962866168321605696
158533696280984011454269423680
2535301200461070497807943598080
4611694814537187328
2535301200461070629749338931200
24758800785712109097609855044
2361183241572282532116
2535301202817642081811695665152
2535301202817642044428249989396
2535301202817642044428300320768
2535301202817642046635913510912
2535301200530534009664933199872
74075206671526789120
22694058040229904
603979792
2540255416244171416309051166720
79826883026428483229454336
77418476124668565408186368
2555117950270513667382888894464
651686862866387191201792
651686579148406759882752
77418476120164963633332224
77418476408958289738465280
651686863429337144623104
77418476124668563260702720
3060098092585549063000064
178273037063656743305908060160
2555117912491581804562645778432
2555117912491874538538424860672
24759405248617412812569903104
178273037063652241905303945216
2555117950270513667382351826960
651686579148406759948304
77418476124668563260768272
651686863429337144688656
77418476408958289738530832
79826883026428482692386832
2540255416244171416308514099216
3060093480899530098544656
37778931862957161779216
77418476408395339785043988
651686862866387191201812
77418476124668563260702740
651686579139610666860564
37778931862957228822548
158765810038354523855976923136
158765810038372538254486405120
158765810038350020256349552640
5261245166967369768485519360
5261245167256163094590652416
5261245166985419351367090176
5261245166962866168858148864
5261245166962866171005632512
158765810038350020258497036288
2535301200461088538594736340992
4629735601329930240
2535301200461070532992319881216
4611729998913470464
2535301200461088503418954186752
4629700425547776000
2535301200461070489011854770176
4611686018448359424
77418476120164963633332288
77418476124668563260768320
77418476120164966317686848
158533705725721480795335426048
77418476124668563260702788
158456929491439045451628740608
158456325028528675187088228352
4629735635668697092
2535301200461088538629075107844
4611686052787126276
4701758045334536196
2535301200456458838212205346816
2535301200456463350607925739520
77418476120164963633397840
651686574636011039555664
2535301200456458803027833257984
2535301200456463306627460628480
2535301200456458805226856513536
2535301200456458802993473586192
77418476408395340321914960
651686862866387728072784
4951760157141523298636533760
651686574636011040538708
9671406561429429118042372
2535301200456458802993410605316
178263365657094759585478082820
158456325028528675187092095236
2540252960613600324093007102212
4951760157141521099600691460
2555108241085024887391796592900
9671406556917033397649668
2361183241469266231300
178273037063651676756327268356
2535304222845083046237333159936
3022388624806193880170496
3022388624243243993858048
79789177881541820369141760
2535380989634340344813775552512
2535301200456458805203188056068
2209781645316
2535301200456458802993964253188
557842436
79827178174896612065677312
77380697188302143910576128
158533705725721480795334377472
158533696280984011462863228928
158456325028533187591402426368
77371252455338466221232128
2535378571708914141459627642880
77371252455336267197976576
2535378571708914139260604387328
77371252459839866825347072
2535378571708918642860231757824
158456325033140361214646292480
158533696285667895804239548416
77371257067022320521973760
2535301200461071051961854332928
178263365661707017350014832640
4629735635685478400
2535301200461070489011900911616
4611686018427392000
4611686018444169216
2535301200461070489011850579968
651981727053586112774160
77418771272573742613594128
2535301202836161409045997027328
2535301202836089386636331188224
158533705725716977193559523332
77380697188302006471622660
77380697192805606098993156
158533705725721480793186893828
77380697188864956425043972
2555108241085313117767944114180
9671406556917041987584000
2535301200456458803002000539648
4503610368983040
2535301200456463306603775393792
4951760157141521108190625792
2540252960613600324101597036544
2555108241085029391002161381376
11003710406656
9671406556928037103861760
2535301200456458813997116817408
23058430092153720832
2535301200479517233085560131584
23130487720551387136
2535301200479517831219935973376
23058465276509032448
23058606014014164992
2535301200479517409007420575744
23058993042157473792
2535301200479589853629601812480
23130487686174871552
77418771272573742613594176
77418771268070142986158144
77418771268070145670512704
77418771272573742613528644
23130628423663226884
23058430092204052484
23058430092136943620
23418720261349838852
77418771268070142986223696
651981722541190392381520
158533705725721480793723764752
603983888
651981722541190393364564
77418771268070142986158164
536875024
77371252455336267785179152
77371252455336267718070288
158456325028528675187691884560
2555108241085024887392329273360
4951760157146033641412886528
24758800785712680843723407360
24758800785712109097676963840
24758800785707605498049593344
24758800785707607697072848896
158533705725716977193559523348
77380697188302006471622676
67112980
4951760157141521099663609876
77371252455336267248308244
158533705725721480793186893844
77380697192805606098993172
77380697188302006538731540
5261245171574552186815778836
77418476124668565409235200
651686579148406760931584
3022388336012867842080768
5261245171592566585795018752
5261245171862782563437248512
158765810038354523855440052224
158765810038350583205766103040
158765810038350022454835937280
158765810038372538253949534208
158765810038355095601486495744
158533705799503953488397729792
77380770975278301309829120
77380770975280502480568320
158533705799503955689568468992
158533705799504094363392147456
158533705799503955687420985344
77380770975280500333084672
158533705799503953488464838656
77380770975278439285653504
77380771263508814967603200
2535378571787312801573853204480
2535378571787312942448780513280
77371330853998580446793728
24758800785707605497982550032
175921860509712
4547580092547088
2535301200456463350573498957840
5075345673879568
4503599627436048
2535301200456463306593033846800
5066549580857360
2535301200456463869542987268112
2555108241085029434971884945424
77380771264071627414962180
77380771263508677461540868
158533705799503953488397729796
77380770975278301309829124
77380770975280502480568324
77371331142228956598505476
2540252960692287216782420217860
158456325033230433198599569412
2535301200461161123954871500804
4701898749000024068
2535301200461160701742406434820
4611686018964258820
2535301200461070489012370669572
158456325033140361206052159492
4899916395115970564
4900479345069391876
2370889121792
2336529383424
11132622405632
4951760157141532240808837120
2535301200456458814031539535872
11003773386752
158456325028528686328300240896
35356237955072
67174400
288230376218886144
2535378574070101884297202892800
77373613643081303796482048
651686579139610667974656
2535388243115471056293985321216
5270916573519783201718993152
2555108241085313117767944110100
178263365657099263185101258772
2555108241085029390991419768852
178263365657117312802342567956
2555108241085047440574301339668
2555108241085047968477321625620
178263365657117840533564162068
9671701704822213287346180
178273037359087812174912946180
24768472487700658087421542404
9671701993052589439057924
9671701704822350726299652
24768472487412427848708784132
77418771272573744762061056
651981727053586113757440
178273037358799581798241140736
158533705799503953488397729812
77380771263508677461540884
73786976294905319444
2535301200530245779288244621332
79789177881541820435927060
2535380989634340344813775228948
604462909807315191336976
2555117912496193492642640691200
178273037068263364836322181120
24768472196876210748830777344
178273037068263362637298925568
9671411186617450334519296
24768472196876208549807521792
2555117912496193490443617435648
9671411168603051825037312
9671411168605250848292864
4611694823114539008
2535388243120100756710922191104
2209760679168
8589939968
4503610364794112
396527668833598369907867648
11003706217728
2535301804919373113907621134340
604463198037690739064836
158533705725716977193559523392
77380697188302006471622720
5261245166962866168321282112
67113024
4160
158533705725716977196243877952
77380697188302009155977280
5261245166962866171005636672
2751467584
2684358720
4963849415337667391947800576
158533705725721480793186893892
5261245166967369768015761476
79789104094567724620976196
79789104094567724553867332
2199090368580
2555117912491581806624213307460
4954178008780752557036277828
2540255378465239555550375579716
386856262276683534996344900
5261245166962868367411646532
386856262276681336442847488
4951760157141556318328325120
5261245466723020316054913028
2535301200461071052099226173444
2535301200461070629886761107460
20971540
137459925012
2535301200456458802993427382292
158466600897995399535677145088
2685403392
2535301200456458802996091814144
158456325028528675189773304064
178263365657094759588159291648
2540252960613600324095688311040
2555108241085024887394477801728
5261245166962866168858148868
158765810038350020256349552644
158765810038350020258497036292
2540255416244171418509685817344
4954215787712613317793021952
2540255416244171416311199432704
5261245166962866171005632516
5261245166967369768485519364
5261245167256163094590652420
158765810038354523855976923140
79826883026430683864104960
4954215787717125710829060096
2540255416244175928704235470848
5066550117662736
293296926269374480
22553183045812240
22693920534167568
22517998673723408
23080948627144720
4644337652596752
5207287606018064
77380697188302006471622740
4951760161771362254021787664
2540252960618230165247428198416
4951760161771925203975208976
178263365661725022952364245008
4611686018427453456
2535301200461070489011833864208
2535301200461071051961787285520
4612248968380874768
178263365661706445603901341712
158456325033140361205515354128
89460510651482559466438912
2535311476330537213360355934208
158466600902607085554037424128
158466600902607087752590917632
4611730170758365184
2535301200461070497816516755456
178263365661724460002477932544
158456325033140361205582462976
4611686018494562304
4951760161753207118091059200
4611688217517817856
4899918593669529600
77380770975278301309829184
158533705799503955689568469056
77380770975280502480568384
2535388243115471056302575190272
2535388243115471067297691468032
2535388243115475559893612626176
2535388243115471058493008511232
2535388243115475568698295582976
2540255416244171416311199432708
4954215787712613317793021956
79826883026428485377720324
158533696280984011454285877248
77371252455347296673992704
77371252459989400406724608
4951760157141521108203212800
4503601791635456
158456325028600873518630965248
77371252455336301557714944
4951760157146024709978066944
2540252960613604827703384477696
2535301200456463306595198046208
79826883026428620735250432
9671406561429437707976708
24768472192269034927100526596
178273037063656189014591930372
178273037063656743305891282948
24768472192269589218399879172
9671406561983720417394692
9671406556919234568388612
4951760157141521102280851456
2540252960613600324095687262208
158456325028528675333183897604
8657043460
2535301200456458803036423192580
158456325028551193331320750084
22518006793895940
2535301200456481321034560045060
4952364620055840809904308224
4951760157141521100133634048
158456327389711918863883436032
158456325028533187625757967360
178263365657094761818856883200
178263365657094759619833627648
158456325028528675230037574656
178263365657099263219460998144
158456325028551193228174427136
178263365657099307199926109184
178263365657094794804205716480
178263365657117312802342568960
2535301200456458805194593927168
2201187516416
158456938936171448240982458368
2535301814364101718983812579328
2540252960618212012310453551108
613907642915990406168576
4611686052803907584
4629700416953651200
2535301200461088503410360061952
4701758045351317504
4611730033269018624
4629876338814095360
2535301200461088679332220506112
4611826755932524544
2535301200461070629749338935296
4701898748479934464
2540252960613604827692630343680
4951760157146024699223932928
4951760157146587649177354240
77371252455336267801952260
2199040032768
4629876476236333056
396527668833598369303953408
553652228
2701135876
613907642773053944954880
2535301804919368610308060942336
5270916868667688381675737088
396527963981503549260435456
4963849710485572571300368384
89460805799387738885066752
4951760452289426279553306624
295147905179956809728
158456325323676580367044710400
77371547603241447138004992
77371547603804396554555392
295148468129373360128
5261245171592566585795018756
5261245171862782563437248516
2535378572008673730458367823872
299759591197780217856
24758801085467196695762702336
178263365956854350783254106112
386858623464426370892824592
2535378572008674293545760198656
299760154285172592640
24758801085467759783155077120
24768472487700658086884675588
9671701993052588902191108
2535388243410907191849489797124
295148468129306251268
77371547603804396487446532
158456325323677143316394151940
4951760452289989228902748164
2555108241085029399796106919936
89460805799950688234508292
9671701705385162703900676
2535378572008674293408321245188
299760154147733639172
24758801085467759645716123652
178263365956854913733207527428
178263365657094770589184294912
178263365657099271989788409856
613981429749349252857860
613981429749486691811332
9671701704822212750479380
2535388243410618961473338085396
178273037063651687613987815424
158456325028528686190798307328
396530030016842005296971776
2201237853184
4503601841968128
158456325028528677388263883776
178263365657099263185101324288
178263365657099271981194346496
178263365657099834931147767808
2535388243410907191850026663936
23130628423680004096
2535301200479589431417086414848
2535388243410618961611313905664
4952364620051330615354589188
2540253565076510133608760999940
9671411186617450334519300
24768472196876208549807521796
2555117912496193490443617435652
79789104094565525530935360
9671411168603051825037316
178273037068263362637298925572
9671411168605250848292868
24768472196876210748830777348
2555117912496193492642640691204
178273037068263364836322181124
2535380989560553368518937346112
2555108243464654872900861427716
178263368036724745128902656004
77381066123185681833394176
77381066123185679685910528
79789473030009949742174208
77381066123746430683185152
2540252960618230165384867086336
2540252960618212159782450626560
2540252960618212010248869249024
4951760162059452030124032000
4951760161753207255462838272
4951760161771362391460675584
77381066123185681833394180
77381066123746430616076292
2535378574070115430278363086848
158533698642167255096776196096
79826883030940878412775424
2361273313427370020864
2201170744320
2199023260672
2361201255833332092928
11806276495144302673920
11805988264768150962176
4503599627375616
158456336834444882361200934912
11805916207174113034240
11805988405643078270976
4951800297256625491580882960
4951800297261129091745058832
4951800297256625491647926292
386856262569978262175350784
386856262299199334579699712
386856262276681336442847232
604462909809513615066112
604462909807315128681472
2555108845547934696905407464448
4952364620051330613211563008
2540253565076510133606617973760
24759405248617415011597550592
2555108845547934694706921079808
4952364620051328414725178368
2540253565076510131408131589120
2540255378465532287327668273152
4954178009074047284215283712
4954178008780750358482780160
2540255378465239553351889190912
2685403136
2535301200456458802996091813888
178263365657094759588159291392
158456325028528675189773303808
4951760157141521102281900032
2540252960613600324095688310784
158456327389711916656270246912
158456327389711954039665591296
158456325033158375604024770564
158456325033140361205515288580
178263365657094761786644627456
158456325028528677396848574464
158456325028528675187155009536
158456325028528677386178265088
158456325028528686182271287296
158456325028529240336131686400
158456325033140924155468709892
158456325033140363404538544132
2535301202817642607378182438912
2535301200456458802993406411776
2535301202817642081811624361984
2535301200456458805192429667328
2361183278852577689600
22517998136853504
158456327389801988614457917440
158456325028533178786715272192
158456327389716420221537878016
158456327389711918820933763072
2535388243115475568689705648388
2540252960613600324093539778564
4951760157141521100133367812
4629700554375827456
4701758182773493760
4951760157429751476285079556
2684354564
2535301200456458802996090765316
158456325028528675189772255236
4951760157146024699760738308
2540252960613604827693167149060
4629876476236271616
4611826893354700800
604462986509246277881860
613907714830648452579332
5261247546592886861225590784
158456938936243505835540480004
613908003061024604291076
613908003623974557712388
24758800785707607697009934336
4951762518324762534423298048
175921860509696
5066549580857344
4644337115791360
288793326105198592
4954216082861081444480979968
4951800592405093620954173440
72198331526348800
72761281479770112
79826883026428620735250436
2684355904
386858623459922770728648704
386858623459924969751904256
386858623477972353610219520
386858623464426370356019200
604462909807315124490240
613907642773054414913536
178263979564737532639888801792
158456938936171448241502814208
2535301814364101576047888433152
5261245166962868367344795712
158765810038350022454836199488
2535388243115471067297691467776
77371252477854273912176640
2535378571708936657267318587392
2535388243115476122843566047232
2535388243115475568689705648128
2535388243115471056431424208896
2535388243115471058495155994624
2535388243115471056293985255424
2535388243115471621580400885760
2535388243115475568698295582720
604467521495532038262784
2555108241085024889590815653892
8589934596
2535301200456458803001996345348
22518006726787076
2535301200456481321000133197828
158456929491438484737205731328
158456327389716420221537943552
158456325028817468513729904640
158456325028600732781662699520
158456325028551791320087134208
158456325028551193185761624064
158456325028551228370133712896
9671406561420633561890816
158456325028528675187624771584
9671406556917033934520320
158456325028533178786715337728
541065216
2535301200456458802993947475968
613907642773053944894464
613907642773053877785600
77371252455336267181260816
158533696280984011454269161488
2535378571708914139260587671568
2535378571708914279998076026896
77371252459848662901653520
2535378571708919214606261485584
77371252459989400390008848
2535378571708918792393796419600
77371252459839866808631312
2535378571708918642860215042064
4954178013392436376910168064
2540255378469851239370316578816
2361273313599168712704
613907642775252968150020
4611686018965307392
2535301200461070489012371718144
158456325033140361206053208064
77371252455347434163339264
77371252455336267248369664
604462909807315124487232
158456929491438482502212387904
178263970120004566900598375488
2535301804919368610308530897984
77371252743566643400081408
604467521495532038259776
89460510651482558928322816
158456929496050170719126160448
178263970124616255117512148032
2535301804923980298525444670528
5270916573524286801347412224
2535388243115475559893613740288
158533705799503953488934862848
77380771263508677998673920
9671406561420633026134272
2535388243410907191850026663940
2535388243410618961611313905668
2361183382309749919744
2361273454302297329664
158533705725721480795335426304
77380697192805608247525632
4951760157146024701372403968
158456325028528675187624775936
158456325028528675187087905024
158456325028528675187088953600
158456325028528677386111160576
158456325028528686182205231360
4951760157141521099663610112
4951760157141521099596501248
158456325033140361205515292928
158456325033140361214642098432
2535380989560553368518938067028
79789104094565525531656276
158456325033140361205582401792
2535388243120082742312412643328
2535388243120100756710922125312
2535388243120082744511435898880
77371257085036692712194048
2535388243120100756719512059904
158456325028551193185291866372
158456325028528675187155013892
89460515281182975865192704
178273037068263362637300039936
9671411168603051826151680
2555117912496193490443618550016
4951760157146033495384002820
4951760157146033495316893956
158456325028533187582875406596
158456325033158375604091883780
158456325033140370001675424004
604462909807348947091460
604462986368542612389892
158533705799503953489018486784
158533705799503953488951377920
89460510651482559532498944
11805988264768150962180
11806276495281741627396
158456336834449385962975789060
11805920710775887888388
2535301202817642185165717377028
2535301202817642607378182443012
2361183241434822610948
2555108243446208128826615009284
2540252962974783565527825518596
2361201255833332092932
2361183241435376259072
2535301202817642044428782669824
158456336834444882396114321408
2535304222771007839566880051200
538185728
158456325323676580366441054208
295147905179353153536
2535301200751606708172759564288
158775481444906937291961794560
4951760452289426278949650432
77371547603241446534348800
3022314549036573473640448
178263365657099307199926173696
158456325028528677388258640896
158456325028533178788862755840
2535311476325925527341929594880
77371252455336269866598656
158533696280984011456954499328
79789104094565526067478784
2535380989560553368519473889536
158466600897995399535611084800
386856262276681336442847236
386856262569978262175350788
386856262299199334579699716
2555117950270802038496008602624
4951800297256625629623746560
4951800297256625494265167872
2535301200456481356176452222992
2535301200456481919126405644304
2535301200456481496913940578320
2535301202836160986833464918016
2379702746790011928576
2535301200456481320992080134160
2535301200456463869543524073488
158533696285667895804222832656
158533696285613711871206031376
77371257085036684118130704
77371257139220617134931984
77371257139783567088353296
158456327408230718289658052608
2540255378465239553351889190916
4954178008780750358482780164
4951800297256625629623746564
4951800297256625494265167876
2685403140
2535301200456458802996091813892
158456325028528675189773303812
2555108241085024887394477801476
4951760157141521102281900036
178263365657094759588159291396
4951800297544855868269395972
4951800297261129091745054724
2535301200479589292878671708160
23058432291227369472
158456325051875337854466981888
2535301200530245779288261464064
2361201255833332088836
2361471471810974318596
2535301202817660058826738499588
1028
72057594037928964
4503599627371524
2199023256580
35184372089860
2535301200456458805194593928512
79789104094567726718128128
2535380989560553370720124538880
79789104094565528231743488
2535380989560553368521638154240
4951760157146033495334719488
2540252960613604836488741130240
79789104094565525547388928
2535380989560553368518953799680
4951760157141532094730604544
2535388243115476122981005000708
2535388243115471058495155994628
2535388243115471058493008510980
2535388243115475559893612625924
2535388243115471056431424208900
2535388243115471056302575190020
2540253565076514643803310718976
386894336356449473024491520
38074079770335537790976
38074084271738289389568
38074079768139198889984
38074079768137051406336
38074079770337685274624
2555108243446208128964053958656
386894336356449472420511744
5261283241042634304835813376
38074084271736141905920
2540252962974783565530509869120
2555108243446208128829299359808
77371252460402817298857984
77371252477854265854918656
2535378571708936657259261329408
158533696281006529452942819328
77371252455336267718066176
158533696280984011454805966848
158533698642167252889091768320
565149043789824
77373613638579901027123200
2535378574070097382894433533952
158533698642167255088115023872
2535378574070097380695410278400
158533696280984011454269162496
2535301200456463315389132046336
10995121520640
2535301200456458813988527931392
4951760157141521102347964736
4951760157141521102280855872
158456325028528675189839368512
4701758010974802948
4951760157141523300834349376
4951760157141523300767240512
2535301200456458805192446443520
158456325028528677388325753152
4611730170691256320
77371252455336269883379716
4951760157141521102298681348
2540252960613600324095705092100
604462909807314587353152
2535301804919368610307993763904
2535380989565165054546491212032
386894336356451673591250948
5261283241042636506006552580
38074080331086467956740
5261283241043197254789234692
386894336357012422373933060
38074079768137051406340
386894336356449472957382660
5261283241042634305372684292
38074079768139198889988
38074084271736678776836
2555117950270513667382352805888
2540253565076514670191589785616
4954178013392436376910168068
2540255378469851239370316578820
5270916868667688381138931712
396527963981503548723630080
9671701704822212817653760
2540253565076510131408127132672
158456325028528686225153916928
4503601774858240
2540252960613600324093002911744
4951760157146033495316893696
2540252960613600326292026167296
2540252960613604827692630282240
2201170743296
4951760157146024699223871488
4951760157141523298619756544
4951760157141521099596500992
2540252960613600326429465120768
158456325033140370147704307716
4611694823177453572
9671701704822213354455040
2535388243120100756710922125316
2535388243120082742312412643332
2535388243120082744511435898884
2535388243120100756719512059908
2555117912491581804562629001216
158765810038350020264406811648
158765810038372538262543664128
5261245166962866168325473280
5261245166962901352697562112
5261245166985419350834414592
158765812399533263898252673024
5261247528146144986543423488
5261247528146107603148079104
77373613643081301631176704
73786976432881139712
77371252455336267181200384
77373613643081303778660352
77373613656627284885377024
158533698642185267287601188864
77371252459839866808570880
158533698642167252889091706880
77371252455338466204455936
158765810038350020256349552656
5261245166967369768485519376
158765810038354523855976923152
5261245166985419351367090192
158765810038372538254486405136
5261245167256163094590652432
5261245466723020316122021888
2555117912496193499248300392448
2540255378465239553351889195088
158765810038350020256416661504
5261245166962866168925257728
4951762518324762534973018112
2540252962974783565528379428864
2535380989560557872119101259776
79789104099069125694849024
79789104387299501846560768
79789104387862451799982080
79789104094565526067478528
2535380989560553368519473889280
604462909948189514727424
604462909809651049627648
604462914486973514186752
158456325033158410822756597764
158456325033140361239875026948
158456325033230433232422436868
5261247528150611202771320848
158765812399537765290262724624
158765812399551311273516924944
604462909807314587357184
613907715534335357485056
604462914346098586816512
604462986368508252655616
2540252962974783565527829708800
2535301200456459401127731986432
2535301200456463306593033846784
2535301200456463447330522202112
2535301200456463869542987268096
69632
2535388243115471056293985325056
9671406556917033397719040
24768472192264522531380203520
178273037063651676618871607296
4503601774854144
158533705725717120130071199744
77380697188445080422252544
158533705725716977193559588864
2535301200456458802993406480384
4611688217450713088
2540252960618212010111430365184
2555108241089636573410219855872
4951760161753207118023954432
4611686018427457536
158456325033140361205515358208
4611730170691260416
158456325033158375604029034496
2555108241089654587808796446720
158456327408447454021792301056
158456327408158660695687168000
9671406557482182441435136
9671406556917033464758272
9671406556919234635497472
24768472192264524732617981952
178273037063651678820109385728
2535301200456481356175986655232
4951800592404530670933639168
158456365463796188358656393216
4951800592409034271164989440
4951800592409034272709541888
158456365463796188360200945664
158456365463796188360199897088
4951800592409034272708493312
158456365463791684761109397504
4951800592404530673617993728
4951800592409034271097880576
23058432291160264704
23130489885214969856
4951800592404530670933639172
158456365463791684758425042948
158456365463796188358052413444
4951800592409034270561009668
158456365463792247708378464260
5261245171592601769634432000
4951800592405093620887060484
4951800592404530673617993732
158456365463791684761109397508
158456365463796188358589284356
178273037359087952911864496128
77380697192805606099058704
158533705725721480793186959376
77380697188302006471688208
77380697188864956425109520
67178512
69648
77371252455336267248373776
77371252455336267181264912
158456325028528675187155079184
2555108241085024887391792467984
4611686018427457552
2555108241085024922610524225540
42949672964
22518041086525444
5261245171574552324791599104
5261245166963429118274699264
158765810038350022456983420928
5261245166962868367344533504
5261245166985419350830219264
5261245167256163094053781504
5261245166967378564041670656
5261245166962901352693366784
5261245166967941513995091968
77380770975280500333150208
158533705799503955687421050880
74075208870013243392
77380770975278301309894656
158533705799503953488397795328
158533705799504094225886150656
158533705799504657175839571968
2535301200530534009664396398592
77371330853998580463636480
2535378571787312801573870047232
2540252960618212010111434490132
67174416
4547751958347792
4629735635668698112
158456325033158410822756598784
2535380989565183068936410759168
79789108724265943004348416
4951760162059451893221949444
4951760162060014843175370756
4951760161753207118560755716
2540252960618212010111967166468
2535311476325925527341391478784
158466600897995964684049645568
2361183241434826802176
2555108243446208128826619200512
4951762518324762534423299072
2540252962974783565527829709824
5261247528146107603148080128
2361183278818222146560
2555108243446208166210014544896
5261247528146144986543424512
386858623477972353614349312
4951762518324799917818643456
5261245166962868367344599040
158765810038350022454836002816
5261245166962877172027555840
5261245166962866168321343488
158765810038350020255812747264
5261245166963429118274764800
5261245166962877300876574720
158765810038350583205766168576
5261245166967369767948713984
5261245166967941513995157504
24758800785712109097609854996
2535301200530245779288244686864
79789177881541820368883728
613981429749486758920192
73786976294838276112
2535311476330537215558842122240
158466600902607087752523612160
2535311476330537213359818866688
158466600902607085553500356608
158466600902607094349593378816
2535311476330537222155911888896
5270916578131469220146642944
2535388243120082742312412971008
9671411168603051825364992
158775481449518623307638046720
4951760157141521099680383236
4951760157141521099613274372
2540252960613600324093019685124
2535301200461088538594786672640
4951760452289426279016497152
2535301200461070532992370212864
2535301200461088503419004518400
2535301200461070489011905101824
158456325033140370010269548544
2535301200461070497816588058624
2209827788032
4954215787712613315107618836
4963849419949353409772060928
8657048832
4503610431902976
4954215787717116914734989332
11003773326592
158456327389711916621977620736
4512404377441536
4951760157141521108190625796
2540252960613600324101597036548
4503610368983044
2535301200456463306603775393796
158533705725721480793186959424
2555108845547939207102100144128
2555108845547934705701496029184
2555108845547939233490379210752
2555108845547934694706379751424
178263970120004566900061241344
2555108845547939233524738949120
178263970120004577895177519104
178263970120004569099084496896
2555108845547934696905403006976
178263970120081128093726539776
158533698642185302471973277700
77371252459848662901593092
4954178008780750358013087824
2540255378465239553351352389712
386856262276681335973154896
2555117950270518179778072150016
2555117950270802038495991824384
2555117950270801897758503469056
2555117950270518170981979127808
2555117950270518170982515998720
2555117950270513667382888628224
2555117950270801897759040339968
2555117950270513669581375012864
158765810038350583205849989120
613907642773053961667604
613907642773053894558740
158456938936171448240982459412
178263979564737532639368446996
1048832
2535301200456458802993407459584
158456325028528675187088949504
2535380989560553368519473889284
79789104094565526067478532
77371252455336269866598404
79789104099069125694849028
2535380989560557872119101259780
79789104387299501846560772
79789104387862451799982084
158533696280984011456954499076
178273037063651678817962168320
24768472192264524730470764544
9671406556919232488280064
2555108241089636575609243303936
79789104094567726718124032
2535378571708914141461776171008
77371252455338468369760256
5261245171574552186748731392
5261245171863345512853864448
5261245171592601769630302208
9671406561420633025019924
24768472192269026131007504404
2555117912491874538400969130004
178273037063656180218498908180
4194324
2555108241085024887391796592660
4951760157141521099600691220
2540252960613600324093007101972
24758800785707605497986678804
2555117950270802038495991824388
2555117950270513669583522496516
2555117950270513669718813966340
2555117950270801897758503469060
2555117950270518170981979127812
2361183241469182345220
2555117950270513667382888628228
2555117950270518170982515998724
2555117950270801897759040339972
2361273313461729755140
4951760157146024699223871744
3060098092585548526194688
158456325028528677396919877636
2535301200456458805203238387716
158456325028528675195749138436
2535301200456458803002067648516
158456325028533178797523992580
2535301200456463306603842502660
2209827782660
4503610431897604
4954216082860520693483700224
79827178174335861068398592
4954216082860518495064424448
79827178174333662649122816
4954216082860518494997315584
79827178174333662582013952
4954216082860520695631183872
79827178174335863215882240
4954216082861081444480974848
79827178174896612065673216
77373613638577704688156736
158533698642167252891776057408
2535378574070097380698094567488
158533696280984011456953451584
77371252455336269865550912
158466600897995399535072968720
2535311476325925527341391478800
158765810038350022454835937284
2535388243410907191849489862656
9671701993052588902256640
24768472487700658086884741120
2535311476330537213359818866704
158466600902607085553500356624
2535301200751894938548911017984
295147905179420004352
2535301200751606708172826415104
5261245171574552324791599108
4954216082861081444413865988
79827178174896611998564356
79827178174333662582013956
4954216082860518494997315588
178263365956854350783321280512
24758801085467196695829876736
299759591197847392256
2535378572008673730458434998272
2555108241085024889601557266432
79789108724265943004348420
2535380989565183068936410759172
79789108706251553084801028
2535380989565165054546491211780
2555108241085029390991420883200
4951760161753207118107771156
4951760161753207118040662292
2540252960618212010111447073044
4963849710485572570763563008
89460805799387738348261376
2535301200456481321000204500992
158456325028528686190865416192
2535301200456458813997183926272
2535301200456458803002067648512
158456325028533187591469531136
2535301200456463315397788041216
613981429749486758920196
2555108241085029962874905231360
77381066123185679685976064
77381066123746430616141824
77381066123183480729829376
396530030016842011739422720
396530030021906353707024384
396530030034889387007803392
396530030034854202635714560
386858623459924978345967616
396530030021343403753603072
396530030016839804126232576
396530030016842003149488128
613907642773053877846016
178263979564737532639351734272
158456938936171448240965746688
2535301814364101576047284256768
604462909844869781458944
178263979564809730970878017536
158456938936243646572492029952
613907714971385404129280
2361201818783352623104
2535301202817732679370796961792
4951762518325325484439638016
11805988264768218071040
11806276495281808736256
11805916207174180143104
11805916207311619096576
11805988405643145379840
2535301202817660058826805612544
178263368018278001020363608064
2535301200456458813988527932416
178263365657094770580595409920
158456325028528686182209422336
2535301200456463306595186508800
178263365657099263187253986304
158456325028533178788867998720
2535301200456458802993411654656
178263365657094759585479132160
158456325028528675187093144576
2535301200456458805194582393856
386856262276681336442847248
386856262299199334579699728
386856262569978262175350800
2555117950270513667382351757332
79789104094565526067482704
386856262276681336509956096
2201170739204
2535301200456458805194577149956
2540252960613600326292026163204
4951760157141523298619752452
4951760157429751475748208644
4503601774854148
2535301200456463306595181264900
2361183241434889720836
2361183241434822611972
2361201291017771291652
2361201291017704182788
4954178008780750358549889024
604462909844869781454848
4629700554375823364
4952364620051328414720721920
24758800785708168585374859264
4951760157146033641345777664
22518135642914816
176059366506496
4512533226455040
2336529317888
143074017673216
4644474621788160
2540252962974783602911220858880
2361187745036597460992
2535301202817646548030003871744
158456327389716420223685361664
4951762518325325484372525056
2540252962974783565665264467968
2361183243635993346048
2535301202817642046629399756800
158456327389711918823081246720
2201170740224
386858623464426370356019216
2540252960613600324095687262212
4951760157141521102280851460
2540252960618212010248869253120
2540252960618212159782450630656
2540252960618230024509939781632
2540252960618230165384867090432
4951760161771221516533370880
2535301804919368610307993767936
2201187516420
2535301200456463306595198042116
4503601791631364
2535301200456458802996157875520
2540252960613600359277374996480
2535301200456463306595181264896
158456325028528675195677835264
396527963982066636065603584
2535388243410907191986945523712
178273037358799581936216965120
178273037359087952911881207808
158775481740055546156021710848
24768472487700658224340402176
158775481740054842468579934208
9671701993052726357917696
158775481740054842469183913984
5270916868668251468480905216
2535388243115471058495223103488
158533696281006529461067186176
158533696280984011462930333696
2535301200456458802993406414848
35184372092928
2555108241085024889590815657984
2555108241085029390991419772928
8589938688
2555108241085024887391792402432
11003706216448
10995116281856
22517998136856576
72057594037932032
2535388243410907191849489858560
4629700417003983872
178263365657094761784497143812
158456325028528675195677835268
2555108241085024887400386527236
178263365657094759594068017156
178273037358799581936216965124
77418476408395340321914884
77418476124668563797573636
77418476124668565408186372
2361183382309749981184
22694057973121024
2361183243771284881408
2361201431892631552000
4951760157141521100137562112
2540252960613600324093543972864
4951760157141521099600757760
2540252960613600324093007168512
2535388243120082742312412643604
2535301200456463306593054752768
4503599648342016
2535301200456458805192450637824
2199044227072
178263365661706445604506304512
158456325028528675189772255552
2555108241085024887394476753216
4951760157141521102280851776
178263365657094759588158243136
2540252960613600324095687262528
386856262277244285859463168
386856262276683534929297408
386856262276681335906041856
604462909807314587681856
2535301804919368610307994092608
158456929491438482501675582528
178263970120004566900061570112
89460515263168577355972608
4963849419949353409771274240
4503599628484608
2535301200456463306593034895360
178263365657099263185102372864
158456325028533178786716385280
4951760157146024699224981504
2540252960613604827692631392256
2555108241085029390991420882944
4951760157141521099663675648
4951760157141521099596566784
158456325028528675187155079424
158456325028533178786716389632
4951760157146024699224985856
158456325028528675187087970560
158456325033140361205516407040
158533696285613711879867203584
158456929491438482536034992132
158456929491515043729700290564
4611694814520414208
4701758010974801920
2540252960618212010111430299648
2555108241089636573410219790336
4951760161753207118023888896
158456325033140361205515292672
4629735773107654656
4611686155866345472
4611686190226083840
4611694823110348800
396530030021906353707024388
396530030034889387007803396
396530030016842005296971780
396530030016842011739422724
396530030034854202635714564
396530030021343403753603076
2555108241089636573410223980820
2361183241434889719812
158456327389711916621977620484
4951762518324762534486216708
2361201255833399201796
72057594105041924
67113988
35184439202820
4503599694484484
5270916573519783204470390784
2540252962974783708601776078848
2555117950270513669583523545088
2555117950270513667385037160448
2555117950270518179778073198592
2361183241572261560324
2535301202817642607515621392388
2361183382309749915652
2535301202817642185303156326404
158456327389712479571863928836
2361201291052063916036
2535301202817660094045470326788
2361201291189502869508
4951800297256625491580878848
4951800297545418817686011904
4951800297544855867799699456
4951800297261129091208249344
4611686018427392004
4899916394579103748
4629700416936873988
4611826755915747332
158456325033158410788396863492
2752512004
24758800785707605500734996484
178263365657094759588226400260
2535388243115471058493075886080
613907714971522843021312
2555108845547934696905404317696
24768472192264522531380461632
178273037063651676618871865408
158775481444906937297800265984
158775481444906948292916543744
158775481444911440888837701888
5270916573524286801346298112
158775481444906939488233586944
5270916573519785400742183168
158775481444911449693520658688
2555117950270513667385037160452
158456325028528675187087901700
158456325028600732781125829636
158456325028533178786715272196
158456325028528677386111157252
2361472034761464610896
2361471471811511189584
178263970124616261714581651456
2555108845552546389520900161536
2555108241085024887391792402436
2535301200456458943730894770180
4954216082860520695632232448
2535301200456459365943359836164
562949953425412
24758800785708168447935909892
178263365657095322535427313668
72198331526287364
79827178174335863216930816
77371252455338466221229124
158533696280984013653309129796
22693920550948864
2535301200456481496913957359616
553652224
2535301200456458802993960062976
34913390592
4951760157141521100150149120
2540252960613600324093556559872
77371252455336269865549824
2535378571708914139263271960576
158533696280984011456953450496
158456325028529240336131690496
158456325028529238137108434944
158456325028533741736735805440
4701758011041911812
4611686018494501892
4629735601376072708
2535378571708918792393813131264
77371252459989400406720512
2535378571708918642860231753728
77371252459839866825342976
77371252455347296673988608
2535378571708914139260604383232
77371252455336267197972480
2535378571708914141459627638784
77371252455338466221228032
77371252459848697278103552
158456325033158375646974443524
9671406561420633561890820
541065220
613981717979724934873088
72057628414443520
2540253565076510131407590260800
4952364620051328414183850048
77371252459839866809680128
158533696280988515053897580800
2361183241434839453696
2535301202817642044428245864448
158456336834516939955255705600
4951760157141521099680383296
4951760157141521099613274432
2540252960613600324093019685184
4951760157141523300767240192
2540252960613600326294173650944
2540252960613604827694777765888
5270916868667688381608624128
158775481740054842469100027904
4951760157146024701371355136
5270916573519783201719255104
2535301200456458802996090765376
178263365657094759588158242880
158456325028528675189772255296
4951760157141521102280851520
2540252960613600324095687262272
2555108241085024887394476752960
24758800785707605500666839104
2535388243115471056293985583168
9671406556917033397977152
2535301200461070629749322158084
2535301200461071051961787224068
2540252960618230165247428136964
2555108241089655150758682693636
4503599631564800
2535301200456463306593037975552
4194304
2535301200456458802993410605056
22553182513135616
35184376283136
4951760161753207127167471616
2540252960618212010120573882368
4611686018981040128
2535301200461070489012387450880
137438953472
288230513590665216
4503737066323968
360288107628593152
22518135575805952
2535304222771007839566343245824
3022314549036572936835072
613907647276653506265088
2535301814364106079646912675840
178263979564742036238980153344
158456938936175951840594165760
77371252455336267248309248
77371252459839866875679744
77371252455338466271564800
4951760157141523298703638852
4951760157146024699240644932
2540252960613604827692647055684
4951760157141523298636529988
2540252960613600326292042940740
77418476120164963633401872
651686574636011039559696
77418476124668563797577744
651686579139611203735568
651686574636011106603028
77418476120164963700445204
4954178008780750358549893200
2540252960613600359311734734852
79789104094565526134587392
4629735773107650564
4611686190226079748
4701758182773489668
77373613638577702540935168
72057765903728640
171865800704
22553354374742016
35356237889536
4503771493171200
158533698642167252889628835840
2535301200456463315389126804480
158775481444911449684930724100
5270916573524295597439320324
5261245166962866168325472516
158775481444906937289210331396
538181632
2535301202817642044428782665728
2361183241435376254976
2535301200456458802993944592384
158456325028528675187626082304
2199023521792
2540252962974783602911225053184
651981723104140412850176
77418771268633093006692352
2535378571708918642860751847428
77371252460402817298857988
77371252477854265854918660
2535378571708936657259261329412
158533696281006529452942819332
77371252744129593823199236
2535301200456459368279822045184
2379702183977564504064
79826883026428482692321280
2540255416244171416308514033664
158775481444906939488233586688
158775481444911449693520658432
158775481444912003838791122944
158775481444911440888837701632
158775481444911449684930723840
158775481444906948292916543488
158775481444907502438187008000
5270916573519785400742182912
5261245166967378572635799552
5270916573524849751299719168
158456365463796188358052478976
4951800592409034270561075200
158456365463791684758492217344
4951800592404530671000813568
77380697192805608246476800
158533705725716977193559523328
77380697192805606098993152
158533705725721480793186893824
77371252455338468351938560
77371252455338466204454912
77371252455336267181199360
77380697188302006471622656
77380697188864956425043968
77371252459848834700283904
178263365657094761818856882180
178263365657094759619833626628
158456325028528675230037573636
178263365657099263219460997124
158456325028551193228174426116
178263365657166817213871554564
79826883026430681715576836
2540255416244171418507537289220
613907642773054431694848
158456929491515043729717067776
178263970120081128128103055360
2555108845547934732124151611392
604462909844732359213056
2555108845547934694740756267008
604462909807348963868672
2555108845547939233524755726336
604462914346132963328000
158456929491438482536051769344
178263970120004566934437756928
4951760157141521100150145360
2540252960613600324093556556112
2361183278990016708608
158765810038350020255812747280
5261245166963429118274764816
2540253565081121826230717382656
4952364624663023237378080768
4952364624663023237310971904
2361273454164942258176
2361183382172394848256
2361201431755276419072
2361183241434906492928
2361201255833415974912
2540252960613600324093002911748
2540252960613888554469154623492
2540252960613604827692630282244
2540252960613600326292026167300
4951760157141521099596500996
4951760157146024699223871492
2535378571708914139263271960896
158533696280984011456953450816
158765810038350020255879856128
5261245166962866168388452352
604462909809550134607876
2535301804919368612543541018628
604462909807348963868676
2555108845547934694740756267012
604462909809550201716740
2535301804919368610308547411972
604462909807315208110084
604462909807315141001220
604462909807349030977540
158775481740054842469100027908
5270916868667688381608624132
79789104094708599481237504
2535380989560558012856052809728
79789104099772812599820288
79789104099209862646398976
79789104099077921251065856
2535380989560557880914657476608
158775481449518623307637719040
5270916578131469220146315264
158775481449536637706147201024
5261245171592601769634430976
5261245171574552186752860160
604462914311051653677060
604463198037828178018308
77371257139079879646515200
77371257067022285608587264
77371257139220754573824000
158456325028533178797456883716
24759405248617412846929575936
24759405248617423807686115328
24759405248617450230324920320
178263970120004569135591718912
2555108845547934696907550490624
178273037068263371441981882372
2555117912496193499248300392452
24758800785707607697006002176
77371252459848662968701956
2555108845566381438815002689536
604481356551423210291200
2555108845566453637111632363520
604481428749719907074048
604481428749719839965184
2555108845566381438780106080256
604481356551388313681920
24759405267136214514693832704
4952364638570130116374953984
4952364638570130116307845120
3060093480899530098475008
158456967270370345458836963328
158456967270374857854557356032
158456967270374849058464333824
158456967270374849059001204736
158456967270370345459373834240
158456967270370345458904072192
158456967270370910607813640192
158456967270370910607880749056
604463198037828245127168
3060098092594353208819712
3060098092594344618885120
3060098092585548592971776
3060098093150697502539776
3060098092587747549118464
3060098093150697569648640
3060098092585549062733824
3060098092587884988071936
3060098092585549063782400
3060093480899530098475012
158456967270370345458836963332
158456967270374857854557356036
3060093769692856203608068
3060093769129906250186756
158456967270374849058464333828
3060093480899668141408260
3060093480899530635345924
158456967270370345459373834244
158456967270370345461522366468
3060098092585548525862916
3060098092587884988071940
3060098092594353208819716
3060098092585549062733828
4951760157141521099597545728
2540252960613600324093003956480
604481356551423210291204
79789104094565526134587396
2555108845566381438815002689540
2535378571708914139263340118020
604481356551423277400068
178263365661706447802924793856
3060093769129906787057680
158456967270374849059001204752
5261245171862782562967552000
2535301200456458802993477713940
3060093769129906250186772
158456967270370345458836963348
3060093480899530098475028
158456967270374849058464333844
3060098092585548525862932
79789108724265942467543040
2535380989565183068935873953792
158456325028533178786782384384
158456327389711916656270245892
158456327389801988648817655812
4951760157141523298686865664
158456325028528677386178269440
9671406556917033398698240
2555117912491581804425191096576
22553182529916928
35184393064448
4547580113457152
20975616
22518006747762688
4503599648346112
11003727187968
8610910208
2199044231168
158775481444911449693520658436
158775481444912003838791122948
5270916573524849751299719172
5270916573519785402889666564
158775481444906939490381070340
5261245166962868378086146052
5270916573519785400742182916
158775481444906939488233586692
5270916573524286801346297860
2555108241085029390991956639744
2555108241085047968340419543040
2555108241085047440574838210560
2555108241085024887392329269248
2555108241085313117768480980992
178263368018278001020296560640
178263365657117840534101032960
178263365657117312768519700480
178263365657094759586010759168
178263365657166817180048687104
178263368018278566169273237504
11038066017280
158456325028528686225153917952
77380697188302143910576132
158533705725721480795334377476
77380697192805608246476804
2535378571708914279998075965444
2535378571708914702210541031428
77371252455336267181199364
77371252743566643332911108
77371252459839866808569860
77371252455336267734847488
2535378571708914139261141258240
4629735601329934336
4611729998913474560
4629700425547780096
4951760157141661974523871232
4951760157146174370244263936
2540252960613604977363650674688
4611686018448363520
4611694823131320320
158456327389711918820933764356
2555108241085024889590882766848
5261245166962868367344533508
178273037063651676618888318980
2209781649412
557846532
8610910212
4503610385764356
604462909807314671239188
4611686018427388932
158456325033140361205515289604
604462909807314604130324
2535301804919368610308010541076
158456325033230433198062699524
4701758010974798852
23058606014014160896
23130487720551383040
2535301200479517233085560127488
23058430092153716736
4611686027575169028
4547580092485632
178263970120004569099084496900
2555108845547934696905403006980
2555108845547939198306007121924
178263970120004566934420979716
178263970120081128128086278148
5270916578149518803027886084
158775481449536637706147201028
158775481449518623307637719044
5270916578131469220146315268
11879703324343878549504
5270916578131471419169570820
158775481449518625506660974596
5270916578149483618655797252
158775481449536637714737135620
158456967270370345459373834320
2535378574070097380695947345920
158775481444906937289210331136
77371252455338603643408384
77371252455336404620152832
77371252459840004247523328
77371257139220617134870532
77371252459989537828900864
77371252455477142108508160
3060388628804709989482496
2535378571708914139260587610112
77371252532038335773806592
77371257427310255798226948
396530030016842005364080640
396530030021906353774133248
396530030016839804193341440
2535301202817642044428832998672
158456327389711916622447379728
4951760452289428477972840448
79789104094565526134591568
158456325028528677388258639876
158456325028533178788862754820
158456325033158410925835812868
178263368018278001020900737024
158456325028528675324593963008
158456325028533178924221333504
158456325028528677523617218560
77380697188302007025537024
10995116278784
2540252962974788069129600368640
396527668833598369303625988
2656331709701567811584
158456325028533187591398232320
158456967565518252839361576960
3060388629367659404722176
158456967565518250638189789184
158456967565518813588143210496
158456967565518252837213044736
158456967565518250638793768960
158456967565518250638726660096
158456967565518252839360528384
3060388628804709451300864
3060388628815704567578624
2535311476325925527341995659264
2379702043274435887104
2379630020864770048000
158456967565518250638189789188
3060388628804709451300868
158456967565518252839360528388
3060388629367659404722180
158456967565518813588143210500
158456967565518250638726660100
396527668833598369303625728
396527668834163518280302592
11003710411776
4547580096680960
4503610368988160
35184376288256
541070336
22553182513140736
158533698642185267287668293632
158533698642185865421993803776
77373613643081303845765120
2535301202817732679370729848832
2535301202817660058826738499584
77373613656592100513284096
77373613638579903174541312
2535378574070097382896580952064
158533698642167255090262441984
2361183278818217951232
4629700425531003904
4611729998896698368
2199090368512
178263365657094759585541001216
2555108241085029391002224300032
24758800785707605498049597440
2555108241085029399796169838592
2535301200456463315389193916416
4611694814587518976
4630263366957400064
2535301200456459401127799033856
2535301200456531423537464872960
4900479344599629824
2535301200461161123954401738752
4963849415337667391343558656
24768472192264524732551921664
178273037063651678820043325440
2535301200461071051961854328832
9671406556928028514975744
2361201255833336353792
9671406556917033398697984
9671406556919234569437184
4951760157146033495322132480
2540252960613604836488728543232
2535301202836088788501955350528
2379702043136946606080
2535301202836089386636331192320
2379630020692904251392
2379630161430409383936
2535301202836088964423815794688
2379630020727280766976
2379630548458552692736
2535301202836161409045997031424
2379702043102570090496
4951760180199986410465268736
23058430092204053504
23058430092136944640
77418476120164963633332308
4611686018427388928
158456325033140361205515289600
178263365661706445603901277184
2535301200461070489011833799680
4629700416936870912
158456325033158375604024771584
4611694857470084096
158456325033140370044557984768
4611686018964259840
158456325033140361206052160512
2555108241085024889728254607364
2555108241085024889601557266436
178263365657094761795238756356
2555108241085024887529231351812
2555108241085029391128858722308
2555108241085313117905383063556
158456967565518250638189789204
2555108241085029391002161381380
178263365657099263195842871300
23130487686241981444
23130487686174872580
23058465276576142340
23058465276509033476
2361187745035053961232
2361187745034986852368
11806276495144302673940
158456336834516939955238862868
11805988264768150962196
2361183241434889719828
11805920710773740404756
158456336834449385960828305428
2361183241434822606852
2361183804384776028164
2535301202817642044428229017604
2361472034760927739908
158456327389711916621910507524
77373613638577702003802116
2535378574070097380695410212868
386858623459922770728583172
158533698642167252889091702788
158765812399533261690635288580
158456327389711954142744870912
4951760157141521100133629952
2540252960613600324093540040704
24758800785707605498519617536
4951760157429751476285341696
4952364620055832014348091392
24759405248621916412734078976
2540253565076514635007754502144
4952364620051328414720720896
24759405248617412813106708480
360287970726772736
386856262276681335906041872
158456325028528675187624771920
2361183241435359481856
158456327389711916622447382528
386856262276681335905976320
386856262276683534929231872
386856262569978261638479872
386856262277244285859397632
2361183241434822677504
1048576
2540252963048570541822663725056
11879991413982541905920
11879991976795056373760
11879991413845102952448
2535301212336161986462357651456
11879703183468951240704
11879707687068578611200
2535301212336166490061985021952
11879703324343945658368
2535301212336162127337284960256
11879991976795056373764
11879991413845102952452
11879703183468951240708
2535301212336161986462357651460
11879707687068578611204
2535301212336166490061985021956
11879703324343878549508
2535301212336162127337284960260
11879991413847787307012
2535301212336161986465042006020
2751463744
77371257427310256335093764
77371257427873206288515076
2535301202909875764796776779776
2535301202909875905671704088576
2453416961803370369024
2379629985508532158464
2379630548458485579776
2535301202836088788501938569216
158456327408447454021725192192
2555108243464654872900324556800
158456327408158660695620059136
178263368036796802722403713024
2535301202836089386636264079360
2379702746790011863040
2379629987707555414016
396527963981503549193322500
2535301202909875905534265135108
2453705192179522080772
2453417102540858724356
4963849710485572571233255428
2555108241108083317483929338880
4951760180199986410465264640
24758800808766070808851252224
2540252960636658754185139848192
23058430092136940544
4951762592111738829324423188
2540252963048570541822663725076
11879707687068578611220
604462909807486386044932
604462986368680051343364
2535301212336166490061985021972
158456325033140924155535822848
178263365661725022952431292416
4951760452289989366341702656
2555108241089636573410286899200
4963849419949353409770946560
4963849419949355608794202112
2540255378469851248174466859008
4954178013392445181060448256
77371547603241446601195520
158456967565518250638189789248
2379702043102570086404
2535301202836161409045929918468
178263368036796802688043974660
158456327408230718289657987076
2379629985508532158468
2379630548458485579780
2535301202836088788501938569220
158456327408447454021725192196
5261247546592851676853436420
2540252962993230309601535066116
158456967565518252837213044804
9671701704822212750802944
178273037358799581798224691200
24768472487412427710733287424
396527963981503548656779264
158775481740054842468563484672
77371252455336267248309312
77371252455336267181200448
386858623459922770728587328
11805916207176797388864
158456336834444882363885289536
77371252455336269932663872
77371252455336269865555008
386858623459922773412941888
77371252455338468419048512
77371252455338468351939648
11805920710773740404804
158456336834449385960828305476
386858623464426370423066692
4951760180199986376105526276
24758800808766070774491513860
2555108241108083352668301427716
178263365680225247271648756740
158456325051659162873262769156
23130487686174868484
2540252960636658789369511937028
23058465276509029380
4951762518325325484372525060
2361183243635993346052
2535301202817642046629399756804
158456327389711918823081246724
2540252962974783565665264467972
2361187745036597460996
2535301202817646548030003871748
158456327389716420223685361668
4899916395116232704
2555108241089654587809266401280
2555108241089636573410756919296
2535301804923980296326958022656
2540252960618230024510476910592
4951760161771221517070499840
158456325033158375604561903616
158456325033447168930667036672
158456325033230433198599831552
158456325033140361206052421632
2199027449856
2540252960618212010111430299652
4951760162059451892685082628
4951760161753207118023888900
4951760161771362254021726212
5261245166962866171006681092
11806277058094792966224
11806276495144839544912
158456336834516939955775733840
158456327389801988614994788368
77373613656592101050155024
2535378574070115395094456565776
386858623477937169774936080
158533698642185267288138055696
2361201255833868959760
2361201818783822381072
2535301202817660058827275370512
158456327390018724347061993488
158765812399551276089681641488
158456336834444882361200934996
2361471471948413272068
2361201255970771042308
89460510651482567518191872
89460510651493562634469632
2535388243115471056293986304256
396527668833600579064299524
396527668833600568326881284
396527668833598377893560324
396527668856116376030412804
2361273454164858372116
2535301202817732257158264782868
2361273313427370016788
2535301202817732679370729848852
158456327389801988614457917460
77373613656592100513284116
2535378574070115395093919694868
386858623477937169238065172
158533698642185267287601184788
2361201255833332088852
24759405253229670577043668992
4952364624663023374733148160
2540253565081121826230700605440
4952364624663023237294194688
67112964
158456325028528675187155013636
4951760157141521099663609860
4503599694483460
158456325028533178786782384132
4951760157146024699290980356
2199090368516
5261247528146107605828239424
2535301200456463306593037976576
158456325028533178786719466496
2535301200456458802993410606080
158456325028528675187092096000
2361183278818222145536
2535301200456458805192433861632
158456325028528677386115351552
2361183241434826801152
4951760157141521100137562116
2540252960613600324093543972868
3060093480899530099523840
3060093480910525215801600
158456967270374857854558404864
3060098092585549063782656
3060098092585548525863168
3060098092594353208819968
4952364620051328414720720900
24759405248617412813106708484
2540253565076510131408127131652
604462909807315124224004
2535301804919368610308530634756
2555108845547934694706916622340
158456929491438482502212124676
178263970120004566900598112260
604463198037691275935748
604462914310914751594500
2656335650214406787072
178263368313425906200253304832
2535301212557527418948648173568
2535301212557527418948647124992
2535301212557522915349556625408
2535301212557527418947036512256
2535301804919368612543541018624
604462909809550134607872
2555108243741356034143943659520
2535301212557527418947103621120
2555108845547934694706396528640
604462909807314604130304
2535301212557522915349556625412
2535301212557527418947036512260
178263368313426469149602746372
2656331709564128858116
2535301212557527418948647124996
79826883030932082319687936
79826883026428482692317440
79826883030940887002644736
2535301203131236693681291399168
2535301203131237256768683773952
2379629985508599267348
5261247546592851676853436436
4951762536771506608128655380
2555108243464654872900324556820
178263368036796802688043974676
178263365661706445604438147072
2555108241089636573410756657152
178263365661724460002947629056
158456325033140361214642094080
5270916868667688381675732992
158765812399551311273516924928
158765812399537765290262724608
158456325033140361205582401540
89460805799387738817953792
4611686018494500868
4951760161753207118090997764
4629700417003982852
2540255378465239553351352647680
4963849419949355608794202116
2535378571708914279998075961344
77371252456039954622971904
2535378571708918792393796354048
2535378571708919214606261420032
2535378571708918642860214976512
77371252455338466204450816
4963849419949362214453903364
2336462209024
5261245171592601769630236676
5261245171863345512853798916
5261245171574552186748665860
5261245171574554385771921412
5261245171862782562900377604
5261245171592566585258147844
4951762592111738829257310208
4951762592111741030428049408
2540252963048570544023834460160
4951762592399969205409021952
2540252963048570544021686976512
4951762592111741028280565760
2540252963048858772336321495040
2540252963048858772199352303616
4951762592111738829324419072
158456327408230718324017725440
2535301202836160846095976497152
2379702183977497395200
2535301202836160986833464852480
2379702183840058441728
158456327408230718289657987072
2379702043102570086400
2379629985645971111936
158456327408446891071771770880
2379990836428675219456
158456336834449385962976837632
2535380989634628575190463807488
79789178169772197057396736
2361187745036598513664
2535380989634340344951751049216
77371547603243645557538816
604467521493333551611908
2535301804923980296326958022660
178263970124616252919025500164
158456929496050168520639512580
4952364624663014433148108804
24759405253229098831534096388
2540253565081121817426554519556
2555108845552546380725344010244
2535301200751894938686349901828
4951762592111738967300243460
2540252963048858772336254386180
2535301200456458814031489204224
11038082793472
158456325028600732781142671360
604462909807315191332944
2535301200456458813988522689536
158533698642167252898222706688
4951760157141521100134678528
2540252960613600324093541089280
2535301212557522915346872270912
2535301212557522915349556625472
4512438670065664
2555108845552546382923830394884
604467521502137697697796
2535301804923980305131104108548
158456929496050177324785598468
2535378574070115395093919694848
158533698642185267287601184768
77373613643081301631172608
158533698642167252889091702784
77373613638579901027057664
158533698642167255088114958336
158533696280984011454269096960
77371252455336267181196288
158533698642185302609412227072
158533696285667755066751254528
2453417102678297673728
158775481444906939490448179200
5270916573519785402956775424
5270916573524849751366828032
5270916573520348350762713088
5270916573519783201786036224
158775481444906937289277440000
77371252455338468352984064
158533696280984013655440884736
2361187745036598509568
2535301202817646548030004920320
178263368018282504622072397824
158456327389716420223686410240
4951762518329266136195006464
2540252962974788069129601417216
2555108243446212632428390907904
77371252455336269866599424
2535378571708918642860282089472
77371252455336267248308224
77380697188445080489295872
2535378571708919214606328532992
77371252455901416224985088
77371252455899217201729536
77371252460402816829100032
77380697188302143977684992
2535378571708914141459677974528
2535378571708914139260654718976
137439281472
158765810038350020255813009728
89460510652047707904933888
89460510651493562634469376
89460510651482567518191616
89460510651482558928257024
2535388243115471058495157043200
178263365657099271989851324416
178263365657094770589247209472
178263365657094759594130931712
2555108241085024898395565719552
2555108241085029399796169834496
2453416964004541104132
2535301202909875766997947514884
2453705194380692815876
2453417102678297673732
2535301202909875905671704084484
2453705192316961030148
604481428608982871703552
2555108845566453496374664101888
604481717402308976836608
604481716839359023415296
2540253565095028933075874611200
4952364638570130082468200448
24759405267136214480854188032
4952364638498072522790010880
24759405267064156921175998464
158775481449518623307637719316
77371252455336267718328320
158533696280984011454806228992
2535378571708914139261124739072
77371252743566643870040064
77371252455336267718066512
2535378571708914139261124477264
158533696280984011454805967184
77418771272573744761012224
38074080331086535069696
77418771272573743150399488
77418771268633093006688256
11003706213632
158456325028528686190794114304
2535301200456458813997112624384
4512404310328576
158456325028533187591398229248
2535301200456463315397716739328
77373613656592100517543936
2535378574070115395093923954688
2535301200479589292878621376512
23130489885214965760
2555108241085024887391792726016
79789104099069125157982208
604463198600640692551680
2361201255833332089856
79789104094565525597782016
2535301200456458802993427382532
89460805799387738817953796
2201238902016
2201171793152
603985152
536876288
2199090369792
2199023260928
2535301202817642044428229083152
2361472034760927805456
158456327389711916621910573072
10995184440576
66576
158456325028528675187087967248
4611686018494502144
4611686018427393280
4611686027621307648
4611686027554198784
89460515263170776378900480
89460515281182975865126912
89460515263168577355644928
158456327389711918821000876292
24759405248617415013740576768
89460805799387738281410560
4963849710485572570696712192
3060093480910525214818304
158456967270370910607813705728
158456967270370345458837028864
2540253565076510131442017107968
3060093480899530098540544
2535301804919368612543591350272
604462909809515825201152
158456929491438484840352055296
3060093769692856203673600
2540253565076510131407657369600
3060098092587747549184000
3060098093150697502605312
3060098092585548525928448
3060098092594344618950656
9671406561420633025024000
9671406556919232420909056
604462910370264607883264
604462910511002096238592
604463198600640759595008
2535301804919445734451679592448
604462914873864235253760
2535301804919369173258014294016
604462910372463631138816
2535301804919373712042013753344
2535301804919368610308060872704
2535301804919373113907688243200
158533696285613711871743098880
77371257085036684655198208
77371257139079880183644160
158533696285667755067271544832
77371257427310256335355904
77371257427873206288777216
2535301200456458805192433860608
3060093480899530098540560
158456967270370345458837028880
158456967270374857854557421584
3060093769692856203673616
158775481444911440888837701652
178263970124616252918488956928
158456929496050168520102969344
4952364624663014432611565568
24759405253229098830997553152
2540253565081121817426017976320
2555108845552546380724807467008
2361183241606621298692
2361273313599168708612
24758800785712109098146725888
24758800785707605498519355392
178263365657094759588158242816
2555108241085024887394476752896
77380697188302143977684996
178263979564737532639888539648
178263979564809590233926467584
77371252455336267248308228
77371252459839866875678724
2535301200456481321034509713408
22518041103302656
2535301200456458803036372860928
42966450176
2535301200456463315432093253632
4512438686842880
89460510651482567518191620
4512395737169920
2535301200456481919126472753152
22553183112921088
2535301200456458802994010390528
604463198037691275935744
604463198600641229357056
604462987072196231299072
2535301804919368610308530634752
537133056
2535301200456458802993943543808
288230376688844800
288793326642266112
72057594575060992
158533698642167252889091702848
2535378574070097380695410212928
158533696280984011454269097024
77371252455336267181196352
2361183241437506961472
2535301202817642044430913372224
178263368018278001022980849728
158456327389711916624594862144
158765812399533261693319643200
4951762518324762537103458368
604481428608982871703556
2555108845566453496374664101892
604481716839359023415300
604481717402308976836612
4952364638570130082468200452
2540253565095028933075874611204
24759405267136214480854188036
4952364638498072522790010884
24759405267064156921175998468
37778931862957765951488
386894041208544293671927808
5261282945894729126087229440
4951760161771362254021787648
4951760161771256700905521152
2540252960618230059694311931904
79826883026428482693366016
79826883026428482692644928
2555117950270513667382352085056
2540255416244171416308514357312
2535301200461070489011854770452
2535301202817642046627252273220
158456327389711918820933763140
77373613638579901027057732
158533698642167255088114958404
2535378574070097382894433468484
178263368018282504619923865668
5261247528150611202771255364
2540252962974788069127452885060
2555108243446212632426242375748
77373613643081301631172676
77371252455336267718066256
2535378571708914139261124477008
158533696280984011454805966928
2535388243410907191986928746500
178263368018278566169340284928
158456967270374849059001204740
396527963981503549260431360
2555108845547934696907550490628
178263970120004569135591718916
24759405248617415011593093124
24759405248621916412197208068
24759405248617412846929575940
4951800297261129093355667460
11879707687068645720064
4951760161753207127234576388
2540255416244171416309051162624
5270916573524286801346297856
5270916573524295597439320064
5270916573520348350695604224
158775481444906939490381070336
4963849710485572571300364288
5261245166967369767952842752
5261245166962866168325472256
5261245166985419350834413568
5261245166962901352697561088
5261245166962868367348727808
89460515263170776378900484
77371252459848697261326336
89460515281182984455061508
4952364620055832013811221504
4952364620051330613207106560
4954178008780752557036273664
2540253565076514635007217632256
2201238896640
2540253565076510133606613517312
2379629987709702897728
2535301202836088790703109308480
2555108243464654875101495296064
158456327408158662896790798400
4951762536771508809299394624
2540252962993230311802705805376
5261247546592853878024175680
178263368036724747295176785984
604462914311051720785924
604462986368680118452228
604462909807314654461956
77371252455338468352988160
77371252455336267182248960
2540252960613600326429465116676
2540252960613600324230441861124
2540252960613604827830069231620
2540252960613888554606593572868
77371252455338466271563780
158765812399533261691172421632
178263365657094759586010759172
2555108241085024887392329269252
178263365657099263185638129668
2555108241085029390991956639748
178263365657117840534101032964
2555108241085047440574838210564
2555108241085313117768480980996
178263365657166817180048687108
2535301200530245920163171930112
73786976294838210560
4951762518324762534955974736
2540252962974783565528362385488
2555108243446208128827151876176
77373613638577702540673104
158456967565518252837213110272
3060388628815704567644160
158456967565518250638189854720
158456967565518813588143276032
158533698642167252889628573776
2535378574070097380695947083856
3060388628804709518475264
158456967565518250638256963584
2555108241085024889590815654144
4512404310327552
2535301200456463315397716738304
396527668834163518347411456
396527668833598369370734592
2540252962974783565527825584128
2555108243446208128826615074816
11805916207174113099776
158456336834444882361201000448
11805916770124066521088
2361183241434822676480
67179520
70656
77371252455336267248374784
77371252455336267181265920
4611686018494567424
4611686018427458560
4629700416941134848
5261245166962866168321282048
5261245166967369767948652544
5261245166962868367344537600
158456325033158973738417389568
158456325033140370001675419648
4963849415338232540387344384
4963849415337667391410667520
2379629985508532228096
2379702043102586933248
604462909807314591548416
2555108845547934694706383946752
4952364620051328414188045312
2540253565076510131407594456064
24759405248617412812574032896
23058430092141204480
2535378574070097380695410212948
386858623459922770728583252
158533698642167252889091702868
158765812399533261690635288660
2361183241434889785360
2361183241434822676496
67179536
70672
178263970120004566900598112272
604462986509246277877776
604462987072196231299088
2535301804919445312239684288528
77371257067022285675762704
77371257067022285608653840
604462986368508789522448
2555117950270513669581375016964
2535301804919445734452149354512
178263970120081128094263410704
604462987072196298407936
604462909807452630286336
604462909807315191332864
2535301804919368610308597743616
158456929491438482502279233536
604241920
158456325028528675187692142592
77418771272573744762060800
4951760157141521100200738816
2555108241085024887392396378448
178263365657094759586077868368
9671406556917033934524416
24768472192264522531917008896
178273037063651676619408412672
158456325028528675187628969984
158456336834444882363885289472
2540252962974783565528362389504
4951762518324762534955978752
4954178008781313307899330560
4954178008780761353062187008
2540255378465239564346468597760
2540255378465239555550375575552
4954178009074047283678412800
11879703887156393082880
2540252963048858772198815502336
11879703183468951306240
2535301212336161986462357716992
11879703324206439661568
11879707687068578676736
11879991413845103017984
11879991976795056439296
158456938936175960636687122432
2555108241089636575609243041796
4611694823110344708
2535301200461070497816516755460
2555108241089654587808729268228
4512404377436160
4629700425526804484
2535301200461088503418933215236
158456336834444882361217712128
11003773321216
5261245166962866171005632832
2535301200456458802993406738432
158775481444911440888837701636
2535301202817660058826738500608
77371252455338466204454916
77371252455477004669554692
2453705194378545401856
2453416961803387211776
2535301202909875764796793622528
4951762592111738829257379856
178273037359087952911864430592
79827178174333662045470784
38074079768136514863168
4954216082860518494460772416
386894336356449472420839488
5261283241042634304836141120
72198331526348816
72761281479770128
4512395720458256
2535301200456463315389126869008
35184372154384
2540252960613600324093007102272
4951760157141521099600691520
2555108241085024887391796592960
77371252459839866875745344
77371252459839866808636480
386858623464426370356023360
2540252962974788069129600368644
4951762518329266136193957892
2555108243446212632426242441216
5261245166962866171073789956
158765810038350020258565193732
158456325028528675187626083584
396530030016839813257232388
79789104099069125157978368
2535380989560557872118564389120
79789104094567724553863424
2535380989560553370717960274176
77371252455336267182244096
158533696280984011454270144768
158775481444906937289210658880
2535301200530245920025732976644
2535301200530534009664396333060
74075206670989922308
396527668856116367440478228
73787117032326565892
2555108845547934694706379816960
2535301804919368610307993829376
178263970120004569099084562432
604462909818309703696384
2535301804919368621303110107136
2555108845547934705701496094720
158456929491438493496791597056
4952364620051339409300193280
2540253565076510142402706604032
24759405248617423807686180864
3022319160722591364481024
2535304222775619525584770891776
5261247528146107603680755792
158765812399533261691172159568
24759405248621925208358387712
24759405248617423807754272768
5261245166967378564041674756
24759405248617412812637995008
2535301200456463315389143580672
79789104099210000085286912
4951760157141556283972781056
2540252960613600359277379191808
4951760157141523298623947776
2540252960613600326292030358528
4951760157146024699228062720
2540252960613604827692634473472
4951760157146068679693173760
2540252960613604871673099584512
4951760157164074282109633536
2540252960613622877275516044288
65536
2535301200456458802993406476288
562949953486848
35184372154368
2535301200456458838177778565120
35218731892736
2535301200456458838212138303488
565148976742400
158456325028529240336064643072
2535301200456458946067357040640
2361183278818285060096
2535301202817732679370796957696
2361201818783352619008
2535301202817642607378249547776
2535301202817660656961131118592
2535301202817642044428296126464
3060098092585548526977280
3060093769692856203608064
3060093769129906250186752
3060093480910525214752768
3060093480899530635345920
3060093769129906787057664
3060093769692856270716928
158456967270370345461522366464
3060093480899668141408256
2535301804919368610308597743620
604462909807315191332868
604462909807452630286340
2535301212557527418946499706880
2656331146614242611200
604462986509245824892928
178263368313425906199716499456
604462909948052159594496
604462914486836159053824
604462909807314671239168
604462986368542696275968
604462914310914298609664
604462909844732426321920
604462909807349030977536
604462909809513694494720
4512404331302912
2535301203131236693681358573568
603979856
2535301200456458802994010390608
4952364624663014432611303424
24759405253229098830997291008
2540253565081121817426017714176
2555108845552546380724807204864
604467521502129107828736
4952364624663023228704325632
2540253565081121826222110736384
24759405253229670577043734528
4611686018427715584
158456325033140361205515616256
20971840
137459925312
3060093769129906787057668
563087413346624
2535301200456458802993427382592
2555108845547934694706916623360
4963849419949353409770946580
4512404310331392
2555108241085024889728254611456
2555108241085024887529231355904
2555108241085029391128858726400
22518006726791168
2555108241085029962874905169920
2555108241085024898386908680192
2555108241085025450479184777216
178263365657094759585473892352
2555108241085047968477321629696
79826883026428483229450240
89460805799387738885062656
158533696280984013653292351488
158533696281006529452405948416
158533696280984152191757451264
158533696280988523849989488640
158533696280988515053896466432
4952364620055867232543048704
12174855592247998611456
178263365657094761784501338436
158456325028528677386115350852
2540252960613600326292030357828
4951760157141523298623947076
2555108241085024889590819848516
178263365657094761786712784896
2336483180868
4951762536771508807151910912
2540252962993230311800558321664
4951762536771541792500744192
2540252962993230344785907154944
2379629987709702897664
2535301202836088790703109308416
158456327408158662896790798336
4951762536771541826860482560
2540252962993230344820266893312
2540252960613600324093543973200
4951760157141521100137562448
79789177881541958411747328
137455796304
2535301200456458803130862207056
178263365657094759586077868036
386858623459922771265716224
2535301212557527418946499706944
2361183243676879421444
4952364624663023237294194692
2540253565081121826230700605444
4952364624663023374733148164
2535378574070101884297185067008
158533698642171756490866556928
158456938936243505835003609088
2535301814364101576047284191232
613907643336003831201792
613907647285449598173184
2535301814364106088443004583936
178263979564742045035072061440
158456938936175960636686073856
613907714971522843017216
158456938936243646572491964416
158466600897995399535140016128
2555108845552546389529557209088
604467521502137697701888
4952364624663023237310976000
2540253565081121826230717386752
24759405253229098831064338432
4952364624663014432611241984
24759405253229670577110781952
4952364624663023228704264192
4952364624663023374733152256
2535304222775619527783793823744
613907642773053877780484
178263979564737532639351668740
158456938936171448240965681156
2535301814364101576047284191236
613907647285449598173188
2535301814364106088443004583940
178263979564742045035072061444
158456938936175960636686073860
613907643336003831201796
613907714971522843017220
4952364638570130116307849216
24759405267136214514693836800
2540253565095029496025358274560
4952364638570130081931333632
604481428749719839969280
604481356551423210295296
4952364638570130253730025472
604481428608982334836736
604481356551388296908800
604481428749857262145536
604481428749719823192068
604481716839358486548484
89460510652047707972042752
89460510651482558995365888
604481356551388296908804
613908003623974557712400
613908003061024604291088
2540255378465239555689962016768
1052672
178263979564809590233926467600
158456938936243505835540480016
613907714830648452579344
613907647276654042021904
158456938936175951841129922576
178263979564742036239515910160
4512395721445376
178263365657099263195905785856
178263365657094761795301670912
613907642775287277551616
613908003061024067420180
178263979564809590233389596692
158456938936243505835003609108
613907714830647915708436
613907647276653505150996
158456938936175951840593051668
178263979564742036238979039252
2535301814364106079646911561748
613907642773053877780500
2535301814364101576047284191252
2535301804919368612509185474560
604462909809515779063808
2535301200456458802993964253520
2540253565094956875516263530496
158765810038372538262539468800
158765810038350020264402616320
613981429751549887774720
2535301814437888554543294185472
613981429890223710404608
2535301814437888693217049706496
613981429751547739242496
2535301814437888554541145653248
613981429749349252857856
613981717979725404569600
613981429751549886726144
2535301814437888554543293136896
77371252455336267785437184
2535388243115471056294522130432
613981717979724867698692
613981429749348715986948
2535301814437888552342122397700
613981429751549886726148
2535301814437888554543293136900
178263368313425906200186191872
2555108243741644264382656413696
2555108243741644264382119542784
178263368313425906199649320960
2656331146614175432704
178263368313426469149602742272
2656335650213802803200
2555108243741356034005967831040
2656335650214339674112
2656331709564195962880
178263365661706445604438147076
2555108241089636573410756657156
4611686027554193412
2535301200461070489020960604164
158456325033140361214642094084
2535301805011602330676541526016
4611694857470083076
4629700459886542852
2535301805011602471551468834816
604555143527683135115264
2535301200456463315432143585280
38074084271736678776832
604555431758059286827012
604555143668420623470596
2535301804919368610310699089924
604462909807317292679172
613981429749348715986964
613981717979724867698708
2535301814437888552342122397716
3022388336012867842084884
2535304222844794815861181386772
178263368313426469287041695748
2555108243741644264382656413700
2379629985645971111940
2379630020727263985668
2379630020864702939140
158456327408446891071771770884
2535301202836160846095976497156
178263368313425906200186191876
2656331146616859787268
2656335650214339674116
4503737067443456
137439024384
4951760157430314426238500880
2540252960613888554469691490320
4951760157146024699760738320
2540252960613604827693167149072
4503610364788740
2540252960613622877276048719888
4951760157164074282642309136
4629700417004049664
4629700416936940800
4611686155867460864
537137216
386856262276681336443113536
4954178008780750358483046464
5261245166962868367344799808
2199090630720
2199023521856
386856262276683534929498176
613907642773053877780544
158456938936171448240965681216
158456929491438482501742366784
79789108706253742981517376
4954178013392438575396819008
4611688217450909760
158456938936171450439988936772
158456929491438484700765622340
178263979564737534838374924356
613907642773054414651472
2535301814364101576047821062224
158456938936171448241502552144
158456325028533178786719469568
158456929491438482501742362624
158456929491439045451695783936
158456929491731779427474866176
158456325028528675187092099072
158456929491438484700765618176
158456325028528677386115354624
2535301814364101576047285239892
178263979564737532639352717396
158456938936171448240966729812
77373613656592100513284100
2535378574070115395093919694852
158533698642185267287601184772
158533696280988523849989489668
77371252459848662901588996
77371257067022285608587268
604481428749719823253504
2555108845566453637111615651840
604481429312669776674816
2555108243464654872900324557824
24759405267136214480317382656
386894041208544293067751424
37778931862957161775104
37779220656283266908160
37779220093333380595712
386894041213047892695121920
37778936366556789145600
5261282945899232725110423552
37778936375352882167808
77380771263508814900494340
613981429749348715987008
2535301814437888552342122397760
77371252455336267181522944
158533696280984011454269423616
2535378571708914139260587671888
158533696280984011454269161808
2535378571708914139260587933696
37778932428106138386432
37778936366558936563712
386858623459922771265454160
5270916573519783201719976192
158775481444906937289211379968
2535301202836088788502005678080
24758800785707605500666839040
178263365657094759594130931716
2555108241085024887400449441796
2540252960613600335096725897216
4951760157141532103319486464
2540252960613604836497330012160
4951760157146033503923601408
178263979564809730970894729216
178263979564737532639368445952
2540255378465239553351352324100
10995133054976
4951760157141521100200476672
4951760157141521237639430144
158456929491731779427944628224
158456929491515043695877423104
158456929491438482502212124672
158456325028528675187625033728
158456325028600732781662961664
2535301202817642081846051209216
4547614536105984
2233466880000
2199107141632
10995200163840
35218815713280
34443624448
22553216952565760
4503634070994944
4512395804278784
2540253565094956875516263530500
2535301814659249483427808804864
2535301814659250044314029391872
2535301814659250044176590438400
2535301814659249483425660272640
2535311476621073432520744243200
2535311476621073432658720067584
2535301814659249481227240996864
604758057712493940183040
158466601193143304714425733120
604758058275581332557824
3060093480910525215801344
3060093480899530099523584
2535311476621361662896895954948
2535301814659249483427807756292
2535301814659250044314029391876
2535301814659249481227173888004
604758058275443893604356
158466601193143867664379154436
2535301805232963259561056145408
2535301805232963822648448520192
77371252455336267785175120
77371257067022285608910848
158533696285595697472696811520
178263365657094761786649871360
89460515281182975865126932
24759405248617415013740576772
604462914346132963332096
604462909809513627389952
2535301804919368612507033800704
158456938936171450474365452288
178263979564737534872751439872
604462909807314604134400
2535301804919368610308010545152
604462914310914231504896
2535301804919373113907637915648
604462986368542629171200
4954215787712613315711860736
5270916573519785402889666560
614276577656727092068352
614276577656729239552000
3022683484480997148332032
614276578217478089342976
158533696280988523884349227008
614276577654528068812804
614276577656729239552004
614276578217478022234116
158456325033140405220340203520
2535301200461071051961787285504
4611826755915808768
2535301200461070629749322219520
4611826893354762240
4611694814520475648
2535301200461070497807926886400
158456325033140370001608376320
4611694951959429120
158456325033140405323419418624
77371547603241447071154176
4951760161753207118578585600
2540252960618212010111984996352
178263979564737532674265055236
158456938936171448275879067652
613907642773088791166980
613907642773088858275844
5270916578131469229277315076
140874927312896
72198468965240832
604481356551388313686016
2555108243446212632426242375680
2555108243446208166210010349568
178263368018282504619923865600
178263365657094759585473889280
178263368018278566169273171968
178263365657094761784497144832
178263365657099263185101259776
178263368018278038438051577856
178263368018278001054656233472
2555108243446208128826615005184
24758800785707605498519355396
178263365657094759588158242820
2555108241089636573547658743808
4629700425526808576
2555108241085024887394476752900
24758800785712109098146725892
37778936366558936563716
2555108241089637145293705187328
2555108241089654587808729272320
2535311476330537222164501758208
2555108241089655150896121647104
178263979564809590233926467588
158533696280984011454807278592
4512395720458240
5075345673879552
4547580092547072
9671701704822213287608320
178273037359087812174913208320
24768472487700658087421804544
4951760161753209317047140356
4951760157141532094779883520
4951760157146587649244397568
4951760157142084049617027072
4951760157430314425768738816
4503601841963008
2201237848064
4951760157142086248640282624
178263365657094761784497144064
2535301200456458805194644258816
603979780
2535301200456458802994010390532
158456325028528675187691880452
138042933252
2199027450880
2555108241085024889590819849216
4195328
2555108241085029390991423964160
22518006730982400
2535301200456481321000137393152
11003710407680
2535301200456458813997116818432
178263365657094770589184295936
158456325028528686190798308352
5261245166963429118341812224
4611694952026472448
4629876476303376384
158775481444906939490382118912
5270916573519785402890715136
79789104094567864140304384
2535380989560553368656375975936
77380697192805608247525376
2535380989560553511592887586816
2535380989560557872118564392960
2535380989560553370717960278016
178263365661706445613032276992
158456325033140361214646289408
2540252960618230059694316061696
4611694823114540032
2535301200461070497816520950784
158456325033140370010202440704
4611686018431583232
2555108241089636573410223981568
4951760161753207118028080128
2540252960618212010111434490880
396530030016839804126232580
2535301200456458805192429667584
2209760675072
158456325028528677396848575744
2535301200456458805203167085824
8589935872
158456325028528675195677836544
2535301200456458803001996346624
4503610364790016
158456325028533178797452690688
2535301200456463306603771200768
178273037063656180219035779072
2555117912491874538401506000896
2555108241085024887392333463552
5261245166962866168858411008
158765810038350020256349814784
158765810038350020256349552976
178273037063651676621623005184
24768472192264522534131601408
9671406556917036149116928
4951760157141523300768284672
2540252960613600326294174695424
2540255378465239555689962012672
4951760157146024701372399616
2540252960613604827694778810368
158456325033140370010198245380
178263365661724460002410758148
178263365657117840533631270912
178263365657095322535494418432
178263365657099834931214811136
178263365657094759585540997120
178263365657099263185168367616
178263365657094761784564252672
4951762518325325484372590592
4951760157164742785711996928
4951760157164179835758575616
4951760157429751476285079552
2684354560
2535301200456458802996090765312
2535301200456458802993423187968
16777216
2535301200456531001324949471232
72198331543060480
2535301200456481320991560040448
5261247546592851677394501632
4951762536771506608669720576
2540252962993230309602076131328
2379629985509073223680
2555108243464654872900865622016
2535301202836088788502546743296
42949673984
22518041086526464
158456325028533178786715271424
158456325028528677386111156480
4952364620055840809905295616
613907647285449599222016
2535301814364106088443005632768
176059299463184
158456325028528677386112471296
4951760157141523298621067520
158456325028528675187626086656
4951760157141521100134682880
4952364624663014432678351104
24768472487700658086884671488
4952364624663014432611242240
158456929496050177324785602816
24759405248617415013744771072
4952364624663023228771373316
4952364624663023228704264452
4952364620051330615358783488
2540253565076510133608765194240
604462909809515762286592
2555108845547934696907554684928
2555108241085029390993567252484
2535301200456463306603771199492
158456325028533178786715336720
158456325028533741736668758032
158456325028529238137041387536
158456325028600873518614249488
158456325028533187582808358928
178263368018282504619923931136
5261245171592566585795280896
5261245171862782563437510656
2535388243115471058493008515072
2535388243115476122981005004800
178263368036796802688044040192
396530030034854203172585488
396530030021343404290474000
178263970120004566900061306896
604462910370264540839952
604463198600640692551696
4952364620055840809904308240
24759405248621925208290295824
2540253565076514643803310718992
604462914319710307811344
2535301804919373122703714222096
2555108845547939207102100209680
4952364620055867198183374864
79826883026993631669059584
79826883026428482692382720
4954215787713178464084361216
79826883315221808797515776
2540255416244460209634619228160
37778936366556790194176
2540255416244459646684732915712
79826883314658858911203328
2540255416244175928704234487808
4954215787717125710828077056
604462909844869848563712
604462909807314654527488
178263365657094759585541062992
604463198037690806239232
396530030034854202635714580
396530030016839804126232596
396530030021343403753603092
2535311476330537213359819915520
9671411168605250848555008
24768472196876210748831039488
2555117912496193492642640953344
178273037068263364836322443264
5261245166962866168388390916
2535301814437888552342676045824
613981429749349336743936
613981429749349269635072
79789104099209862646337540
4951760157141523298620019008
158456325028528677386178531648
2535301200456458813988539465728
4951760157141532094712840192
2540252960613600359277375062016
2540252960613600335088119250944
4951760157142086248573239296
4951760157141521099596562432
2540252960613600324093002973184
4951760157142084049549983744
2540252960613600464967930281984
4951760157141556283968651264
4951760157141523436058771456
158456327389711918821000871936
2555108845547934694706379751488
4512395720393988
158456325028533187582808294660
2535301200456458802993960060160
538181888
2535301200456458802993944592640
158456325028528675187626082560
4951760157141521100134678784
178263365657094759586012070144
2540252960613600324093541089536
2555108241085024887392330580224
24759405248621951596569362448
5120
2535301202817642044428296130560
2361183241434822610944
158456336834516939955238862848
11806277058094256095232
11805920710775887888384
2540252962974783565527825518592
158456336834449385962975789056
2535301202817642607378249551872
11806277058094323204096
22553182508941332
2535301200456481356175915352084
22517998136852500
2535301200456481320991543263252
360850920143061012
360287970189639700
4951762518329266136193957888
158456325028551193185224754176
2535301202817732257158264782848
2361273454164858372096
2361471471810974318592
2361187745034449977344
2535301202817646548027856388096
2361183243633845862400
2535301202817642046627252273152
2361201291017704177664
2535301200456481320991610372096
4611694814520415232
4629700416936875008
4611686018494501888
4611694857470088192
4611686052787131392
4629700459886547968
4611730033252242432
5261245166962866168858148944
4629735635668702208
4611686019031372800
24759405248617412813106709504
4503610364792832
2209760677888
4951760157146033641345781760
2555108241085024889592963141632
2555108241085029390993567256576
24758800785707605497982488576
24758800785708168585374863360
79789104094567724570906624
2535380989560553370717977317376
79789104094565526084521984
2535380989560553368519490932736
11805916207174113034244
158456336834444882361200934916
11805920710773740404740
158456336834449385960828305412
11805988405643078270980
158456336834517080692727218180
158456336834516939955238862852
11805916207311551987716
158456336834444882363885289476
11805916207176797388804
79826883026428483296559104
4701758011041906688
5261283241042634305372946432
386894336356449472957644800
38074079768137051668480
77371252532038335773802496
2535378571708914702347979980800
2535378571708914280135514914816
77371252455477142108504064
77371252459989537828896768
77371252455336404620148736
77371252743566780771860480
77371252459840004247519232
77371252455338603643404288
73786976294855053312
158456327389801988614994788352
2535301200456458813988589801472
5075345740926976
5066549647904768
2535301200456463869543054315520
562950020534272
2535301200456459365943426945024
396527668833600568326881280
396527668856116367440478208
4503599694483456
158456325028528675187155013632
4512395725635584
2555108241085024887391859511296
2555108241085024898386913918976
2555117912491581815420307374080
2555108241085024887391797641216
2555117912491581804425191096320
4951762536771508809299394560
2540252962993230311802705805312
2361201255833348866048
16778240
4954215787717125710828077072
2540255416244175928704234487824
2540255416244460209634619228176
79826883315221808797515792
2379630020864702943232
2379629985509069033472
2379629985645971116032
2379702043274368782336
2379630161567831560192
5261247528150611204919791616
2379702183977497399296
158456325033140370001608312068
4629735601313153024
4611686018431582208
2535301200461070489011837992960
4611729998896693248
2555108243741356034143943655428
176059299401728
4611686052787127296
158456325033140361239875027968
178263365661706445638261015552
4629700459886543872
158456325033158375646974444544
4611730033252238336
158456325033140405220340139008
178263365661706489618726126592
178263365661724460002410759168
2535301200461088503410343281664
2379702183840058445828
2379629985508599271428
2379629985508532162564
2379990273478721802244
77380770975278301376937984
2535301200456463315389126868992
2535301200456463350573498957824
604462909807314587422720
613907643336003831267328
2535311476325925527341391482880
178263979564737534838374989824
158456938936171450439989002240
613907642775252901101568
2535301814364102141196260933632
613907642915990389456896
2535301814364101718983795867648
613907642916127828410368
4512395725636608
10995121521664
4503601780098048
178263365657094761818856882176
5243904
2201175983104
2535301200456463315389132047360
178263365657099271981199524864
158456325028533187582813537280
604481428608982351679488
604481356551388296974336
396527668833598369303953728
4701758182840598528
4611686190293188608
4629735773174759424
77373613656627284889572352
2361183241434889720832
2361183243676795540480
2361183241469182350336
2361183278852577694720
2361201291052063921152
2361183241435426591744
2361201255833399202816
2361201255833332093952
2535301814364106088443004649488
178263979564742045035072126992
158456938936175960636686139408
613907643336003831267344
613907714971385404129296
613907715534335357550608
158456938936243646572492029968
178263979564809730970878017552
604462909807314654531600
604462909807314587422736
4611686018969502720
2555108241085029399787580952576
2361273313427437130756
2361273313427370021892
2535301200461070489012375913472
178263365661706445604443390976
158456325033140361206057403392
178263979564737532639351669760
158456938936171448240965682176
613907642773053877781504
604462914310914214728704
4951762536771541826860487680
2379629985508599272448
2379630020692971361284
2379630020692904252420
2689598468
77373613638577702003802368
2535301200456458802996096009220
178263365657094759588163486724
158456325028528675189777499140
2535378574070097380695410213120
158533698642167252889091703040
11805920710774277276688
5261245166967378572631605248
158765810038350022465573355520
613981429751547739308032
2535301814437888554541145718784
613981429749348716052480
2535301814437888552342122463232
613981429890086204407808
386856262276681336443109376
2535301814437888693079610818560
613981430453036157829120
613981717979724867764224
613981718542674821185536
386856262276681336442847568
2535388243115471056296736722944
178263365661724495221142586368
178263368018278001020296495108
2555108243446208128826615005188
4951762518324762534419103748
2540252962974783565527825514500
2361187745034449977348
2535301202817646548027856388100
178263368018282504619923865604
158456327389716420221537878020
4951762518329266134046474244
2540252962974788069127452884996
2535301804919368610308014735444
2555108241085029390991419772932
2555108241085024889590815657988
4954178008780750358483042304
2540255378465239553351889453056
3022314549036573473636352
2535304222771007839566880047104
604462909807317272756224
2535301804919368610310679166976
4952364620051328416869253120
24759405248617412815255240704
2540253565076510131410275663872
2555108845547934694709065154560
158456325033140370044557983748
178263365661706445638261014532
38074084271736745885696
38074079768137118515200
158765810038354523855507161088
158765810038355095601553604608
79789104099077921251000320
2535380989560557880914657411072
2535380989560553511592887582720
2535380989560558012856052744192
79789104099772812599754752
79789104099209862646333440
79789104387299638748643328
79789104094565662969561088
2233399771136
386858623477972353614348288
386858623459922770732777472
10995183391744
2535304222844794815861181452304
3022388336012867775041552
2361183243635993346112
2535301202817642046629399756864
158456327389711918823081246784
2379629987709702897668
2535301202836088790703109308420
158456327408158662896790798340
4951762536771541826860482564
2540252962993230344820266893316
5261245166962866168321609792
137439285312
386856262276681335906308160
2540255378465239553351352651840
4954178008780750357946241088
331840
79789104094565525530939456
2555117912491581804425190379584
158456325028533222801540186128
178263979564737532639351734352
9671406556917170836606976
9671406557482319813283840
604462909809651116670976
604462914486973581230080
604462914311051720785920
9671406561983720417398784
178263365657094759585474937088
2555108241085024887391793447168
4629735601308959748
158456325033158410788396860420
178263365661724495186782848004
2535301200461088538594715370500
4512395721441280
2535301200456463315389127852032
2535301200456458802993407459328
77373613643081303778656260
158533698642171756490866556932
2535378574070101884297185067012
3022319160722591901024256
2535304222775619525585307435008
604467521493333552660480
2535301804923980296326959071232
178263970124616252919026548736
158456929496050168520640561152
4952364624663014433149157376
2540253565081121817426555568128
2555108845552546380725345058816
178263368018278001020837823488
158456327389711916622451835904
2361273313461813641216
2361183241469266231296
2361201291052147802112
11879703183469018349568
11879991413982609014784
2535301212336162127199846006784
11879703887156393017344
11879703324206439596032
11879707687070726094848
2535301212336166490064132505600
11879703887156460126208
11879703183471635595264
11879991413847787307008
2540253565095028933075404914688
4954215787717116914736103424
2540255416244175919908142514176
158456325028551791320087134224
158456325028551193185761624080
158456325028533741737205563408
77380770975278301310156864
158533705799503953488398057536
37778931862957228818432
37778932428106205495296
37779220656283333951488
158466600902607085553500618752
178263365657094761795301670916
2555108241085024889601620180996
178263365657099263195905785860
2555108241085029391002224295940
2535388243120082744511436161024
11879703183471635595268
11879707687069115482116
2535301212336166490062521892868
11879707687206554435588
11879707687206621544452
11879707687070726094852
2535301212336166490064132505604
11879991413982541905924
2540252963048858772198815436804
11038082797568
16846848
2535301200456458802993423257600
72057594054774784
77371252455336267198042112
2535378571708914139260604452864
158765810038350020264402616324
158765810038372538262539468804
396530030016839804126232640
4951760161771221516550213632
2540252960618230024509956624384
4611686018444234752
2535301200461070489011850645504
77371257139079879663357952
2535301814659249483425660338176
2535301814659249481226637082624
2535311476621361662896896020480
2535301814659250044176590503936
158466601193143304714492907520
604758057712494007357440
77371252455336267719377152
158533696280984011454807277824
2555117950270513667382888890368
11805920710775888936960
2535301202836088790700961824768
2555108243464654875099347812352
158456327408158662894643314688
178263368036724747293029302272
2379630161567831556096
2535301202836088964423799013376
2379630161430392602624
2379630020692904247296
2555108243464654908084696645632
2379702043136929824768
2535301805232963259561123319808
2535301202817642044428782665732
2361183241435376254980
604462909807317272756228
2535301804919368610310679166980
2555108845547934694709065154564
4952364620051328416869253124
2540253565076510131410275663876
24759405248617412815255240708
2535378574070101884295037583360
158533698642171756488719073280
77373613656627284885372928
2535378574070115430278291783680
77373613638577702003802112
2535378574070097380695410212864
2535378574070097382894433468416
158533698642185865421926694912
158533698642185302471973273600
77373613643081303778656256
158456365463792247708462350336
5261283241043197254873121792
396530030016842003149488196
2535301200461089101544735899648
2535301200461070489011900907520
2535301200461088503410410389504
614276577656727092133888
614276578217478022299648
614276577654528135987200
3060388628804710055280640
3060388628804709988171776
3060388629367659471831040
4954216082860518494997577728
77371252459848834700279808
79827178174333662582276096
360850920680194048
604462914310914751594496
2535301804919373113908158005248
604462914873864705015808
604462986368508789522432
2535301804919445734452149354496
604462986509246277877760
2535301804919445312239684288512
604462909807315124224000
2540252960618212054091895472128
2540252960618212159782450692096
4951760161753356789044281344
2540252960618230165247428198400
4951760161771925203975208960
11805916207174113038340
2535301200456458802993423188992
3060388628804709988171780
2555108243446212632428389859328
178263368018282504622071349248
178263365657094761786644628480
178263365657099263187248743424
24758800785707605497982485504
24758800785707640716714312704
24758800785707605500666839044
2555108241085024898386976837632
2555108241085024887391860559872
2540252960613600324101609619460
4951760157141521108203208708
396530030016839804663103568
2540252960613604871673095389184
158466601193143304715029708800
158456325028533178788929863680
158456325028528677388325748736
2361183243771351924736
2361201431892698595328
2361183804384843137024
2361183241434889715712
2361183241572328669184
2361183382309817024512
2535301202817660094045537435648
2361273454302364434432
2361471471948480380928
158456327389711916621977616384
4951760157141521100200476676
4951760157141521237639430148
2751463428
2535301200456458802996157874180
158456325028528675189839364100
5261245166962866171006681344
158456325033140405323486461952
158456325033140361343021350912
158456325028533178786715336704
158456325028533741736668758016
158456325028600873518614249472
79789104095128475551141888
396530030016839804193341524
2535301200456458802993473520896
2361183241434889715968
2535301200456463306593100891392
2535301200456458805192496776448
2535301200479589292878604533760
24768472192269026131544375296
24768472192264522531917004800
2535301200479517409007403794432
23058606013997383680
23058465276509028352
2535301200479517831219868860416
23131191373616644096
4951762536771506608128655364
2555108243464654872900324556804
158456327408158660695620059140
24758800785707607697005740036
2535301200456458802993473519620
24758800785707605497986745344
2535301200456481321000154169344
22518006747758592
2535301200456458813997133594624
11003727183872
2535301200456458803002017316864
8610906112
2535301200456463315397737709568
4512404331298816
77373613643081301631172612
2535378574070101884295037583364
158533698642171756488719073284
77373613656627284885372932
2535378574070115430278291783684
158533698642185302609412227076
77373613638579903174541316
2535378574070097382896580952068
158533698642167255090262441988
77373613638579909616992260
79789104094565526067740672
2535380989560553368519474151424
2555108241089636573547658739716
158456325028528675189772255232
158456325028600873518630961152
158456325028528675187104677888
386858623459924971899326528
4629700416936869892
4611686018427387908
4612248968380809220
2361183243676795535360
4900479344532520964
2540252960613600324093002907904
4951760157146024699223867648
4951760157141523298619752704
2540252960613604827692630278400
2540252960613600326292026163456
72761281546813440
5066549647900672
288793326172241920
360850920210169856
293296925799612416
4503610364788736
4952364624663014432612356352
2535311476621361663034351681536
158466601193143867801834881024
651686574636011106598912
158466600897995964684116688896
158466600897995399535140012032
2535301804919368612509235806208
77371252532038198871719952
77371252532601148825141264
158533696281060713385959620624
158456325028533178786715272448
2535301200456463306593033782528
536872192
158456325028528675187624772864
2535301200456458802993943282944
1280
158456325028528675187087901952
2535301200456458802993406412032
2199023256832
158456325028528677386111157504
178263365657094759585473888512
4503599627370752
2535301200456463306593033781504
256
2535301200456458802993406411008
2199023255808
2535301200456458805192429666560
158456325028528675187087900928
2555108241085024887391792398592
4951760157141521099596497152
5066550117662724
22517998673723396
2535301200456481320992080134148
22553183045812228
2535301200456481356176452222980
293296926269374468
562950490292228
2535301200456531423537934630916
72198332063154180
2535301200456531001325469564932
4611686018427389184
158456325033140361205515289856
2535301200461070489011833799936
4611686027554194688
158456325033140361214642095360
2535301200461070489020960605440
2535301200461070489011900908800
604462986368680118452224
604462909807486453153792
604462914346270452613120
2555108243446212632426242375684
2361183243642435796996
2535301202817642046635842207748
2361183243676795535364
158456327389711918863883436036
2555108243446208128964053958660
178263368018278001054656233476
2555108241085024922576164488196
178263365657094759585473889284
4547580096675840
2555108241089636573410219790340
178263368313425906200253300736
2656335650214406782976
2535301200456481320991610373380
158456325028551193185224754436
1284
2535301200456458802993473520900
158456325028528675187087901956
2535378574070097382894433468676
158533698642167255088114958596
2361183243633845862660
2361183243633912971524
2535301202817642046627252273412
79789108724265943004610560
2535380989565183068936411021312
11879707687070727143424
2535301212336166490064133554176
2535301200461088503410410390788
158456325033158375604024771844
4611694814520411396
2535301200461070497807993931012
158765812399551276089144771584
158765812399533261690635289600
158765810038350020255812747600
158765812399551311307876598784
5261245166962866168321605632
158765810038350020255813009408
9671411168605250915663872
178263970124616261723171586048
2555108845552546389529490096128
4951760157141556283968586756
2540252960613600359277374997508
79789104099069125174824960
4951760157141521237035782464
2535380989560557872118581235712
4512395787506688
178273037063651676619408408580
2555117912491581804425726918660
178273037063656180219035779076
2555117912491874538401506000900
2555108241085024887392333463556
2361183241443953607680
5261283241042634304835878912
38074080331086468022272
2535301202817642044437360018432
2361201255970838151168
38074084271736141971456
38074079768136581709824
5261283241042634304902987776
386894336356449472487686144
24759405248617412812569837632
2535301200456463315389193913604
4951760452289426279486193664
295147905179889696768
158456325323676580366977597440
2535301200751894938549447819264
2535301200751606708310735060992
11805988264768687833168
2535301200456463306595186507776
4951760157141521099601739776
2540252960613600324093008150528
2201175982080
2535301200456458805194582392832
158456325028551193185224753172
158456325028533741736668692500
4951762518324762671925166080
4951762518324905608436776960
158456327389711916759416569856
2361183945122331492352
2361472034760994848768
2535301202817642044462655864832
158456327389712479571931037696
158456327390018724346592231424
158456327389711954142811914240
2361183243633912971264
2535301200456481320991543263492
158765812399533261691172159760
5261245171574552186748993536
178263365657166817179511817220
178263365657099263185101259780
178263365657094761784497144836
3060388628815704568627200
3060388628804709452349440
2535301200456463306595248377856
4951760157141521099663609856
4951760157142086248640286720
4951760157142084049617031168
4951760157146587649244401664
2535301200456458805194644262912
4512533159346176
4951760157141532094718017536
2540252960613600335088124428288
178273037063651687613988864000
4503601780097024
5261245166962868367348728132
16781312
2535301200456458802993423192064
2199040036864
2535301200456458978915283636224
72198331543064576
2535301200456531001324949475328
22517998153633792
4512395720392964
2535301200456463315389126803716
158456325028533187582808293636
2555108241085029399787512791300
4951760157146033495316889860
178263365657099271981194281220
260
2535301200456458802993406411012
158456325028528675187087900932
22517998136852740